# Every networked prefab the stock game ships, at one build.
# Taken from the game's own asset bundles, NOT from a running server:
# a modded server's registry holds the mod's prefabs too and would
# answer a question nobody asked.
# source Assets/Systems/_GameMain.prefab bundle d59cfac
# bundle_sha256 3e336952fee0bb40dc59b7749cfae4816e7222263dce7eda87989760c43fa767
#buildid 25253764
Abomination	2095123679
Abomination_attack1	1382552281
Abomination_attack2	1382552278
Abomination_attack3	1382552279
Abomination_ragdoll	-1559908641
Acorn	-2047937207
Amber	-1570747403
AmberPearl	-1844493069
AncientCoin	-433517163
AncientGemstoneBlack	-1481428727
AncientGemstoneGreen	1531072013
AncientGemstoneOrange	278534492
AncientGemstonePurple	-598907644
AncientSeed	-500516295
ArmorAshlandsMediumChest	1232186885
ArmorAshlandsMediumlegs	2121838973
ArmorBerserkerChest	-1016581293
ArmorBerserkerLegs	542491355
ArmorBerserkerUndeadChest	-1774732552
ArmorBerserkerUndeadLegs	69446882
ArmorBronzeChest	-524840022
ArmorBronzeLegs	-1070975544
ArmorCarapaceChest	-1330578868
ArmorCarapaceLegs	-1276324482
ArmorDeepNorthHeavyChest	-1901098214
ArmorDeepNorthHeavylegs	-1140234980
ArmorDeepNorthMageChest	535318471
ArmorDeepNorthMagelegs	-1957939313
ArmorDeepNorthMediumChest	-1997224466
ArmorDeepNorthMediumlegs	1617367972
ArmorDress1	1409301309
ArmorDress10	1851887405
ArmorDress2	1409301306
ArmorDress3	1409301307
ArmorDress4	1409301312
ArmorDress5	1409301313
ArmorDress6	1409301310
ArmorDress7	1409301311
ArmorDress8	1409301300
ArmorDress9	1409301301
ArmorFenringChest	349244329
ArmorFenringLegs	1068454321
ArmorFlametalChest	-2047840346
ArmorFlametalLegs	2023116964
ArmorGoldHeavyChestUncooked	1665170035
ArmorGoldHeavyHelmetUncooked	1525744211
ArmorGoldHeavyLegsUncooked	1144827707
ArmorGoldMageChestUncooked	-1033536116
ArmorGoldMageHelmetUncooked	-2099405958
ArmorGoldMageLegsUncooked	-86262190
ArmorGoldMediumChestUncooked	1823466325
ArmorGoldMediumHelmetUncooked	509632925
ArmorGoldMediumLegsUncooked	1268757825
ArmorHarvester1	-964905328
ArmorHarvester2	-964905331
ArmorIronChest	-77418440
ArmorIronLegs	855433562
ArmorLeatherChest	1842977441
ArmorLeatherLegs	-129361023
ArmorLoxChest	-340589159
ArmorLoxLegs	1959623809
ArmorMageChest	916504644
ArmorMageChest_Ashlands	1247702357
ArmorMageLegs	-490399162
ArmorMageLegs_Ashlands	-1792357735
ArmorPaddedCuirass	-2102914493
ArmorPaddedGreaves	-1316976302
ArmorRagsChest	-1873790835
ArmorRagsLegs	-1807008579
ArmorRootChest	973754414
ArmorRootLegs	1839036508
ArmorStand	1580161127
ArmorStand_Female	826840908
ArmorStand_Male	639316453
ArmorTrollLeatherChest	-1722809642
ArmorTrollLeatherLegs	-560834156
ArmorTunic1	-2092967397
ArmorTunic10	-2054182805
ArmorTunic2	-2092967398
ArmorTunic3	-2092967399
ArmorTunic4	-2092967400
ArmorTunic5	-2092967401
ArmorTunic6	-2092967402
ArmorTunic7	-2092967403
ArmorTunic8	-2092967388
ArmorTunic9	-2092967389
ArmorWolfChest	-914594978
ArmorWolfLegs	-1695215220
ArrowBloodGold	-1705743509
ArrowBronze	2137518083
ArrowCarapace	-485682777
ArrowCharred	950372346
ArrowFire	-1917784535
ArrowFlint	-843447246
ArrowFrost	-641933831
ArrowIron	-1003810285
ArrowNeedle	1981231808
ArrowObsidian	343761714
ArrowPoison	-1215929287
ArrowSilver	799199670
ArrowWood	-782094582
AshCrow	-462474485
Ashland_Stair	1084633047
Ashland_Steepstair	-571355724
AshlandsBranch1	2011351767
AshlandsBranch2	2011351770
AshlandsBranch3	2011351769
AshlandsBush1	-2113381525
AshlandsBush2	-2113381524
AshlandsTree1	870990425
AshlandsTree3	870990427
AshlandsTree4	870990428
AshlandsTree5	870990429
AshlandsTree6	870990430
AshlandsTree6_big	1840491433
AshlandsTreeLog1	-174210823
AshlandsTreeLog2	-1740294764
AshlandsTreeLogHalf1	-1552374362
AshlandsTreeLogHalf2	1176508993
AshlandsTreeStump1	1910273542
AshlandsTreeStump2	-1981409227
AshlandsTreeStump3	747474128
Ashlands_Altar	2102937115
Ashlands_Arch1	408986256
Ashlands_Arch2	812270783
Ashlands_Arch2_Broken1	804880842
Ashlands_Arch2_Broken2	-761203099
Ashlands_ArchRoof	-1381309987
Ashlands_ArchRoofDamaged	-740836646
Ashlands_ArchRoofDamaged_half1	705430107
Ashlands_ArchRoofDamaged_half2	302145580
Ashlands_ArchRoofLong_Damaged	1136425031
Ashlands_Boss_Pillar	1938820621
Ashlands_Boss_Pillar_Twist_broken1	2083417226
Ashlands_Boss_Pillar_Twist_broken2	517333285
Ashlands_Boss_Pillar_Twist_broken3	-1048750656
Ashlands_Floor	518648449
Ashlands_Fortress_Floor	-126365370
Ashlands_Fortress_Gate	-1104038219
Ashlands_Fortress_Gate_Door	-198630732
Ashlands_Fortress_Wall_Pillar	197363609
Ashlands_Fortress_Wall_PillarTop	1951019652
Ashlands_Fortress_Wall_PillarTopStone	-903572179
Ashlands_Fortress_Wall_PillarTopStone_frac	-1159478086
Ashlands_Fortress_Wall_PillarTop_frac	-43038689
Ashlands_Fortress_Wall_Pillar_base	-428075625
Ashlands_Fortress_Wall_Pillar_base_frac	-663740804
Ashlands_Fortress_Wall_Pillar_frac	-38087410
Ashlands_Fortress_Wall_Spikes	145717874
Ashlands_Pillar4	1645765767
Ashlands_Pillar4_tip	107227657
Ashlands_Pillar4_tip2	1891326199
Ashlands_Pillar4_tip2_broken1	1806692262
Ashlands_Pillar4_tip2_broken2	1806692265
Ashlands_Pillar4_tip3	1891326198
Ashlands_Pillar4_tip3_broken1	1798606439
Ashlands_Pillar4_tip3_broken2	1798606440
Ashlands_Pillar4_tip3_broken3	1798606441
Ashlands_Pillar4_tip_broken1	1249954142
Ashlands_Pillar4_tip_broken2	846669615
Ashlands_PillarBase3_double	1114209067
Ashlands_Ramp	252120223
Ashlands_Ruins_Floor_1point5x1point5	-1854673254
Ashlands_Ruins_Floor_1point5x1point5_broken	1220932010
Ashlands_Ruins_Floor_3x3	665283258
Ashlands_Ruins_Floor_3x3_broken1	-375516993
Ashlands_Ruins_Floor_3x3_broken2	1190566948
Ashlands_Ruins_Floor_3x3_broken3	-1538316407
Ashlands_Ruins_Floor_6x6	645080282
Ashlands_Ruins_Floor_6x6_broken1	797695327
Ashlands_Ruins_Floor_6x6_broken2	-1931188028
Ashlands_Ruins_Ramp	83808115
Ashlands_Ruins_Ramp_Upsidedown	2119425612
Ashlands_Ruins_TopStone	-110466087
Ashlands_Ruins_Wall_4x6	-50823844
Ashlands_Ruins_Wall_Broken3_4x6	-1813415923
Ashlands_Ruins_Wall_Broken4_4x6	-1813414648
Ashlands_Ruins_Wall_Broken5_4x6	-1813417849
Ashlands_Ruins_Wall_Top_wHole	1078011425
Ashlands_Ruins_Wall_Window_4x6_broken2	-501159693
Ashlands_Ruins_Wall_Window_4x6_broken3	-2067243634
Ashlands_Ruins_Wall_Window_4x6_broken4	305409361
Ashlands_Ruins_Wall_Window_4x6_broken5	-1260674580
Ashlands_Ruins_Wall_Window_4x6_broken6	1468208775
Ashlands_Ruins_Wall_Windows_Broken_4x6	-900865316
Ashlands_Ruins_twist_ArchBig	259308223
Ashlands_Ruins_twist_PillarBase	1641385580
Ashlands_Ruins_twist_PillarBaseSmall	-230117153
Ashlands_StairsBroad	1867208497
Ashlands_WallBlock	-2089640202
Ashlands_WallBlock_1x2x2	14322530
Ashlands_WallBlock_base	2131499046
Ashlands_Wall_2x2	-2119951934
Ashlands_Wall_2x2_cornerL	1759866742
Ashlands_Wall_2x2_cornerL_top	1126648746
Ashlands_Wall_2x2_cornerR	1759866768
Ashlands_Wall_2x2_cornerR_top	1126679996
Ashlands_Wall_2x2_edge	611243602
Ashlands_Wall_2x2_edge2	-1539806908
Ashlands_Wall_2x2_edge2_top	1446778968
Ashlands_Wall_2x2_edge_top	239144302
Ashlands_Wall_2x2_top	-1234917130
Ashlands_floor_large	-2097945681
Ashlands_floor_large_fractured	1813132348
Ashlands_rock1	-591983307
Ashlands_rock2	-995267834
AskBladder	-2005747631
AskHide	-361463611
Asksvin	673728755
AsksvinCarrionNeck	-518087446
AsksvinCarrionPelvic	116510864
AsksvinCarrionRibcage	1245401458
AsksvinCarrionSkull	111807506
AsksvinEgg	1055620598
AsksvinMeat	1407759366
Asksvin_hatchling	-656027988
Aspect_Bonemass	1354012537
Aspect_Eikthyr	228106059
Aspect_Elder	1021783461
Aspect_Fader	1294360639
Aspect_Moder	-366021778
Aspect_SeekerQueen	-2142465622
Aspect_TentaRoot	971772967
Aspect_Yagluth	-1877606907
AtgeirBlackmetal	275694258
AtgeirBronze	-971799304
AtgeirGold	762077410
AtgeirGoldUncooked	373302220
AtgeirGold_BloodLightning	-150642395
AtgeirGold_FrostFire	-1753353481
AtgeirHimminAfl	-1297235939
AtgeirIron	-1697777810
AtgeirWood	762077939
Axe1h_JotunWarrior	1253063480
Axe1h_JotunWarrior 1	-1027279869
Axe2h_JotunWarrior	-2024979415
AxeBerzerkr	691223085
AxeBerzerkrBlood	1889813487
AxeBerzerkrLightning	-1978837223
AxeBerzerkrNature	-1603971610
AxeBlackMetal	1694548656
AxeBronze	-533689078
AxeEarly	559337483
AxeFlint	-1468314591
AxeGold	-299831528
AxeGoldUncooked	-307065706
AxeGold_BloodLightning	-2035478455
AxeGold_FrostFire	-130477977
AxeHead1	-961758823
AxeHead2	604325118
AxeIron	1790496580
AxeJotunBane	1583975460
AxeStone	-1779108881
AxeWood	170451811
BakedPoteitr	1980195980
BakedPoteitrUncooked	1669940026
BarberKit	-414750720
Barka	-1328822593
BarkaBranch	-1779809973
Barka_Ragdoll	-420887521
Barley	294912805
BarleyFlour	-1702506509
BarleyWine	-1380373382
BarleyWineBase	113986677
BarrelRings	1191998723
Bat	696030471
Bat_Swamp	-1172770058
BatteringRam	-231530696
Battleaxe	1943723324
BattleaxeBlackmetal	-1103504794
BattleaxeCrystal	-1994118106
BattleaxeGold	217474958
BattleaxeGoldUncooked	-76676672
BattleaxeGold_BloodLightning	-1000490225
BattleaxeGold_FrostFire	1369112061
BattleaxeSkullSplittur	1907559578
BattleaxeWood	909991033
Beech1	-493262268
BeechSeeds	1912302441
Beech_Sapling	1170585794
Beech_Stub	747762302
Beech_small1	865557360
Beech_small2	1268841887
Beehive	185590564
Bell	-514974841
BellFragment	227533079
BeltStrength	-460902046
BigBranch	-715878480
BigRock	-1664555947
Bilebag	-111754826
Birch1	-427486029
Birch1_aut	816500238
Birch2	-1993569970
Birch2_aut	-789472993
BirchSeeds	-601117714
BirchStub	-1425208488
Birch_Sapling	-646762577
Birch_log	-1411911791
Birch_log_half	1868061717
Bjorn	2072373495
BjornHide	-161303425
BjornMeat	-181506772
BjornPaw	1440487497
Bjorn_ragdoll	2100428743
Bjorn_sleeping	-2008781657
Bjorn_spiritcaller	112531286
BlackCore	-566038322
BlackForestLocationMusic	-94314950
BlackIceShard_01	1542849890
BlackIceShard_02	-23234051
BlackIce_Core	-1189584370
BlackIce_Core_outer	-25109206
BlackIce_Start	2124704503
BlackMarble	1159653928
BlackMetal	-535733020
BlackMetalScrap	1762081833
BlackSoup	388599790
Blackwood	-1432441312
Blob	829393023
BlobAspect	-1137119769
BlobElite	-249968000
BlobFrost	1551643975
BlobLava	-845950839
BlobLava_explosion	910572819
BlobMork	-321706558
BlobMorkBig	657849680
BlobMorkMini	1545829919
BlobTar	1909245568
BlobVial	-1928195707
BloodGoldKey	473756893
BloodPudding	-1293151425
Bloodbag	248299036
Blueberries	583402574
BlueberryBush	1998010392
Boar	-1670867714
BoarJerky	150066261
Boar_piggy	1076559013
Boar_spiritcaller	697899381
BogWitch	5778863
BogWitchKvastur	-1912866981
BogWitch_Fire_Pit	-1585032212
BoltBlackmetal	-1129651973
BoltBloodGold	1630785751
BoltBone	-1853193749
BoltCarapace	1700229387
BoltCharred	1209084388
BoltIron	1863383
BombBile	1590333336
BombBlob_Frost	-1584006048
BombBlob_Frost_projectile	-100801586
BombBlob_Lava	1550709540
BombBlob_Lava_projectile	-743342626
BombBlob_Morkhalla	-666107875
BombBlob_Morkhalla_projectile	1056070031
BombBlob_Poison	-717263366
BombBlob_PoisonElite	1421903471
BombBlob_PoisonElite_projectile	-530744255
BombBlob_Poison_projectile	1442705152
BombBlob_Tar	-1964538407
BombBlob_Tar_projectile	-1627779525
BombDynamite	1023263269
BombLava	750264696
BombOoze	-96710263
BombSiege	-1449951241
BombSmoke	1084066905
BoneFragments	1190462933
BoneMawSerpentMeat	1679463535
BonePileSpawner	1577361568
BonePileSpawner_swamp	-1417668051
Bonemass	-146537656
BonemawSerpent	1255899486
BonemawSerpentScale	-2094570284
BonemawSerpentTooth	506454164
BonemawSerpent_breath_aoe	-599910919
BonemawSerpent_projectile	-1437157460
BossStone_Bonemass	-1521109453
BossStone_DragonQueen	1216631312
BossStone_Eikthyr	-1399780559
BossStone_Fader	1230282261
BossStone_TheElder	-1784287464
BossStone_TheQueen	-774724014
BossStone_Yagluth	-636214073
Bow	1502599522
BowAshlands	-421851952
BowAshlandsBlood	-715879556
BowAshlandsRoot	642947408
BowAshlandsStorm	-1559428633
BowDraugrFang	-1470815101
BowFineWood	1304037785
BowGold	-817046848
BowGoldUncooked	-1596005754
BowGold_BloodLightning	-1956319569
BowGold_FrostFire	1370905601
BowHuntsman	1410944776
BowSpineSnap	-49112013
Bread	1185250548
BreadDough	-787066183
Bronze	-630222754
BronzeNails	-1729390917
BronzeScrap	4675961
BugMeat	528336477
Bush01	548904977
Bush01_deepnorth	1352094273
Bush01_heath	-1798873102
Bush02_en	-136568224
CandleWick	1533665363
Candle_resin	585806441
Candle_resin_bogwitch	644389765
CapeAsh	-599163751
CapeAsksvin	-1773030036
CapeDeepNorth	1865694990
CapeDeepNorthMage	-229057792
CapeDeerHide	1624045309
CapeFeather	2134397716
CapeLinen	-1893623813
CapeLox	1726435208
CapeOdin	-320326905
CapeTest	1790203521
CapeTrollHide	-1068315380
CapeWolf	-2108127691
Carapace	662706540
CargoCrate	-366938831
Carrot	1209145989
CarrotSeeds	-743867699
CarrotSoup	248039118
Cart	49675204
CastleKit_braided_box01	-1807421665
CastleKit_brazier	709785924
CastleKit_groundtorch	1477467946
CastleKit_groundtorch_blue	-925784261
CastleKit_groundtorch_green	-524464010
CastleKit_groundtorch_unlit	1814971431
CastleKit_metal_groundtorch_unlit	1312507201
CastleKit_pot03	206059549
Catapult	1146805026
Catapult_Ammo_BloodGold	-171195636
Catapult_Ammo_BloodGold_Projectile	346208710
Catapult_Ammo_BloodGold_Projectile_AOE	925095330
Catapult_Ammo_Projectile	1795872529
Catapult_Ammo_Projectile_AOE	-365863915
Catapult_ammo	-2021190469
Catapult_projectile	-661368636
CelestialFeather	-1747874743
CeramicPlate	-559501202
Chain	1534575709
ChainLightning	-376855183
ChainLightningRed	-1947076882
CharcoalResin	1051414138
CharredBanner1	-2010027434
CharredBanner2	718855921
CharredBanner3	-847228020
CharredBone	443137929
CharredCogwheel	-881507777
Charred_Archer	396764791
Charred_Archer_Fader	-157852226
Charred_Breastplate	-616503917
Charred_Helmet	-817274387
Charred_HipCloth	-1704281991
Charred_Mage	-1182427104
Charred_MageCloths	-569203087
Charred_Melee	-1073412722
Charred_Melee_Dyrnwyn	-222214338
Charred_Melee_Fader	-235345157
Charred_Melee_Ragdoll	776046082
Charred_Twitcher	-967197066
Charred_Twitcher_Summoned	801248271
Charred_altar_bellfragment	1504634878
Charredfortress_LOD	-919427473
Charredskull	1628953990
Chest	-696914899
Chicken	1534661025
ChickenEgg	-361224582
ChickenMeat	1828514878
Chitin	-91716071
Cinder	-1012338385
CinderSky	-2113496644
CinderStorm	1870984840
Cinder_campfire	1966933295
Cloudberry	-1899504733
CloudberryBush	940750515
Club	829393066
Coal	204392453
Coins	1554778960
CookedAsksvinMeat	-1497409489
CookedBjornMeat	-335094221
CookedBoneMawSerpentMeat	-84633224
CookedBugMeat	-1431804988
CookedChickenMeat	-68620523
CookedDeerMeat	-1559009424
CookedEgg	694889784
CookedHareMeat	264964714
CookedLoxMeat	-687491193
CookedMeat	-90783900
CookedMooseMeat	1642727523
CookedSealBlubber	-1338285604
CookedVoltureMeat	-1228635177
CookedWolfMeat	-1357090580
Copper	1428605659
CopperOre	1868171867
CopperScrap	-2143218796
CreepProp_egg_hanging01	1253270340
CreepProp_egg_hanging02	1253270339
CreepProp_entrance1	1628302764
CreepProp_entrance2	1628302761
CreepProp_hanging01	166421754
CreepProp_wall01	388304576
CrossbowArbalest	-259499256
CrossbowGold	-1772962080
CrossbowGoldUncooked	-1487307674
CrossbowGold_BloodLightning	620649197
CrossbowGold_FrostFire	-866386933
CrossbowRipper	-2146687212
CrossbowRipperBlood	746058840
CrossbowRipperLightning	-214845366
CrossbowRipperNature	-887056399
Crow	903556745
CrownJewel	994041724
CryptKey	1014536855
Crystal	908712672
Cultivator	-1130499279
CuredSquirrelHamstring	-1473823425
DG_AshlandRuins	-168454256
DG_Cave	497418925
DG_DvergrBoss	-985216323
DG_DvergrTown	90381292
DG_ForestCrypt	-1277205767
DG_FortressRuins	-1543667613
DG_GoblinCamp	322846882
DG_HalfBurried_ForestCrypt	172714034
DG_Hildir_Cave	-35232328
DG_Hildir_ForestCrypt	187194532
DG_Hildir_PlainsFortress	450035874
DG_Hole	-1740720110
DG_MeadowsFarm	-1118485742
DG_MeadowsVillage	797712294
DG_MorkHalla	-1519599025
DG_NorthVillage	-1250350241
DG_SunkenCrypt	-446811472
Dandelion	1288940892
Deathsquito	-1609638819
Deathsquito_sting	-361803535
Deer	291594142
DeerGodExplosion	648911439
DeerHide	705284766
DeerMeat	-1519557673
DeerStew	-1170233273
Deer_White	319473652
Demister	23489701
Dragon	-408509179
DragonEgg	-1736688790
DragonTear	-1719994617
Draugr	505464631
Draugr_Elite	437915453
Draugr_Elite_sleeping	-922646739
Draugr_Ranged	515141415
Draugr_Ranged_sleeping	1557339751
Draugr_elite_ragdoll	124978337
Draugr_ragdoll	1394133807
Draugr_ranged_ragdoll	-2052189689
Draugr_sleeping	-205105961
Dverger	1283200037
DvergerArbalest	-704394069
DvergerArbalest_projectile	-307893503
DvergerArbalest_shoot	-1462438309
DvergerArbalest_shootAshlands	506210133
DvergerArbalest_shootDeepNorth	1371090206
DvergerAshlands	-2044325125
DvergerDeepNorth	-1560510124
DvergerHairFemale	970414861
DvergerHairFemale_Redhair	-1278854365
DvergerHairMale	-584341638
DvergerHairMale_Redbeard	-1630747580
DvergerMage	1911030203
DvergerMageFire	-798778629
DvergerMageIce	-1727895168
DvergerMageSupport	1379665520
DvergerStaffBlocker_blockCircle	1299032657
DvergerStaffBlocker_blockCircleBig	275601489
DvergerStaffBlocker_blockHemisphere	-1230384245
DvergerStaffBlocker_blockU	2105931020
DvergerStaffBlocker_blockWall	-981014735
DvergerStaffBlocker_projectile	-936573297
DvergerStaffFire	701604739
DvergerStaffFire_clusterbomb_aoe	1163892070
DvergerStaffFire_clusterbomb_projectile	-1589283964
DvergerStaffFire_fire_aoe	1452519224
DvergerStaffFire_fireball_projectile	-1933363631
DvergerStaffHeal	1703038983
DvergerStaffHeal_aoe	1931377867
DvergerStaffIce	24503566
DvergerStaffIce_projectile	1141102516
DvergerStaffNova_aoe	-1543403955
DvergerStaffSupport	2132636350
DvergerStaffSupport_aoe	2122935794
DvergerSuitArbalest	-1728158308
DvergerSuitArbalest_Ashlands	1402895833
DvergerSuitFire	-993981138
DvergerSuitIce	-1862079955
DvergerSuitSupport	901023621
DvergerTest	1924585071
Dverger_ragdoll	-1261409471
DvergrKey	1896448127
DvergrKeyFragment	-2105977201
DvergrNeedle	676297687
DyrnwynBladeFragment	51600563
DyrnwynHiltFragment	873438154
DyrnwynTipFragment	917755518
Ectoplasm	153820886
Eikthyr	-938588874
Eitr	1985543946
Elaking	2130638987
ElakingHairBundle	165964137
ElakingLantern	2047147073
ElakingMole	1508538630
ElakingMole_Ragdoll	889782362
ElakingMole_Sandcloud_Projectile	-940897264
Elaking_AttackJump	225915398
Elaking_AttackLantern	1304391106
Elaking_Ragdoll	-1767464549
ElderBark	938726216
Enemy_Barka_Attack_BackSlam	675842484
Enemy_Barka_Attack_HeavyImpact	97112367
Enemy_Barka_Attack_HeavySwings	715666
Enemy_Barka_Attack_SlamDrive	1552397001
Enemy_Barka_Attack_WhipFlurry	866332476
Enemy_Barka_Attack_WhipSlam	960975219
Enemy_Barka_Death	2066213905
Enemy_Barka_Death_Debris	-1718923699
Enemy_Barka_Footstep	444876721
Enemy_Barka_Hurt	-1621009864
Enemy_Barka_Idle	1087412201
Enemy_Barka_Verse_Death	1000513637
Entrails	-1985632376
EvilHeart_Forest	-2106312224
EvilHeart_Swamp	552253847
Eyescream	1317085082
FW_ArmorBronzeChest	241007178
FW_ArmorBronzeLegs	1623947436
FW_ArmorFenringChest	-17086017
FW_ArmorFenringLegs	-1225845817
FW_ArmorMageChest	749414456
FW_ArmorMageChest_Ashlands	-726883941
FW_ArmorMageLegs	1211883190
FW_ArmorMageLegs_Ashlands	1712619415
FW_ArmorPaddedCuirass	843294981
FW_ArmorPaddedGreaves	1801938462
FW_ArmorTrollLeatherChest	1462279046
FW_ArmorTrollLeatherLegs	-397104376
FW_AxeBronze	-2035958018
FW_BattleaxeCrystal	858335442
FW_BowDraugrFang	-417141123
FW_CapeLinen	-99334795
FW_CapeTrollHide	1531652172
FW_CapeWolf	1641375539
FW_HelmetBronze	-1358854099
FW_KnifeSilver	1660745734
FW_KnifeSkollAndHati	-198785231
FW_ShieldBlackmetalTower	297160194
FW_StaffFireball	-1008846153
FW_StaffLightning	1580444482
FW_SwordBlackmetal	-364332763
Fader	-1779165830
FaderDrop	1749379817
FaderEmber	-1744531519
Fader_DroppedFire_AOE	564805075
Fader_Fissure_AOE	886357138
Fader_Flamebreath_AOE	-743414540
Fader_Jump_AOE	917007069
Fader_MeteorSmash_AOE	-1086888377
Fader_Roar_Projectile	-40956237
Fader_WallOfFire_AOE	-845337098
FallenValkyrie	1447842535
FallenValkyrie_projectile_explosion	1476683611
FallenWarrior	-1991759242
FeastAshlands	1694237039
FeastAshlands_Material	-2129772541
FeastBlackforest	1684386071
FeastBlackforest_Material	-1873543957
FeastDeepNorth	-691992010
FeastDeepNorth_Material	-313067966
FeastMeadows	-1160177777
FeastMeadows_Material	949079627
FeastMistlands	-108963526
FeastMistlands_Material	948710046
FeastMountains	-389271919
FeastMountains_Material	-1120477775
FeastOceans	-881616646
FeastOceans_Material	-936973414
FeastPlains	-441349860
FeastPlains_Material	-1494080700
FeastSwamps	517587124
FeastSwamps_Material	111462848
Feaster	-802427598
Feathers	-1792723966
Fenring	1388670159
FenringIceNova_aoe	-1892863254
Fenring_Cultist	-1237836442
Fenring_Cultist_Hildir	-2038185967
Fenring_Cultist_Hildir_nochest	1439095512
Fenring_attack_flames_aoe	-2089404025
Fenring_attack_frost_aoe	2038439599
Fenring_cultist_ragdoll	1571536938
Fenring_cultist_ragdoll_hildir	1887186093
Fenring_ragdoll	-870478745
FernAshlands	-261129959
FernFiddleHeadAshlands	-988026413
Fiddleheadfern	1218332729
FierySvinstew	-1596182882
FimbulvinterOrb	-1850359322
FimbulvinterOrb_start	-1846467061
FineWood	212315135
FirCone	183471488
FirConeFrost	501188774
FirTree	1185163063
FirTree_Big_log	-1351158385
FirTree_Big_plantable_Stub	-12740479
FirTree_Sapling	-2139814576
FirTree_Snow_Stub	1844283300
FirTree_Snow_log	1064726330
FirTree_Snow_log_half	-375407498
FirTree_Stub	-2025597564
FirTree_big	15522266
FirTree_big_Sapling	825693825
FirTree_big_log_half	511909691
FirTree_log	-1147276818
FirTree_log_half	-755748398
FirTree_oldLog	1051479931
FirTree_oldLog_deepnorth	-1497576765
FirTree_small	888684615
FirTree_small_dead	-367866354
Fire	-837447586
FireFlies	-1931516595
FireworksRocket_Blue	115692907
FireworksRocket_Cyan	1944157002
FireworksRocket_Green	348302960
FireworksRocket_Purple	-232359017
FireworksRocket_Red	-1742513904
FireworksRocket_White	-1372515538
FireworksRocket_Yellow	-1287554715
Fish1	109649205
Fish10	-1859318427
Fish11	-293234486
Fish12	1272849455
Fish2	109649206
Fish3	109649207
Fish4_cave	58693868
Fish5	109649209
Fish6	109649210
Fish7	109649211
Fish8	109649212
Fish9	109649213
FishAndBread	-1490899117
FishAndBreadUncooked	897133405
FishAnglerRaw	1399738207
FishCooked	-1292410483
FishRaw	-535377778
FishSoup	103625373
FishWraps	-1650135981
FishingBait	2120058096
FishingBaitAshlands	459717098
FishingBaitCave	1592185747
FishingBaitDeepNorth	-772726327
FishingBaitForest	-1630963917
FishingBaitMistlands	-550229671
FishingBaitOcean	-1724877534
FishingBaitPlains	1796124627
FishingBaitSwamp	1812383840
FishingRod	2095458909
FishingRodFloat	-2128965567
FishingRodFloatProjectile	1255402074
FistBjornClaw	-607373006
FistBjornUndeadClaw	405688673
FistFenrirClaw	-1721646831
FistGold	690355706
FistGoldUncooked	1456458328
FistGold_BloodLightning	-987977923
FistGold_FrostFire	1990120219
Flametal	-1619429742
FlametalNew	24890812
FlametalOre	-22163406
FlametalOreNew	-798024644
FlametalRockstand	-1820912021
FlametalRockstand_frac	1243935330
Flax	1635961943
Flies	-1711908779
Flint	-952393887
FragrantBundle	1571152787
FreezeGland	-2107335129
FreshSeaweed	-288702580
FrostCavesShrineReveal	1491287432
FrostCore	406575291
FrostWisp	1959362465
FrostWisp_Storm	-1497788723
Frostwood	-1172288417
FrozenFuel	-607335860
FrozenGD	-699293935
FrozenKing	427596877
FrozenKingDrop	552921714
FrozenKing_P2_Projectile_Bonemass	776003015
FrozenKing_P2_Projectile_Eikthyr	-136529571
FrozenKing_P2_Projectile_Elder	-1609449773
FrozenKing_P2_Projectile_Fader	472938705
FrozenKing_P2_Projectile_Moder	1297712028
FrozenKing_P2_Projectile_Queen	-1722279785
FrozenKing_P2_Projectile_Yagluth	1326124595
FrozenKing_Summon	-1497849711
FrozenKing_p2	1362246162
FrozenKing_p3	1362246161
FrozenSkeleton_Pose1	-189668
FrozenSkeleton_Pose2	403094859
Frysling	-345894198
GemstoneBlue	-1578654542
GemstoneGreen	316605279
GemstoneRed	-1838985169
GenericMoldUncooked	-1064611251
Ghost	-696918929
GhostSkull	-1720261374
Ghost_Void	1386537720
Ghost_old	1209504723
Ghost_sleeping	821184559
GiantBloodSack	-1523551927
Gjall	8893374
GlowWorm	-1005025740
GlowingMushroom	-1457187493
Goblin	-137741679
GoblinArcher	-1508843442
GoblinArmband	1639499022
GoblinBrute	-939999423
GoblinBruteBros	921373705
GoblinBruteBros_Attack	-413434122
GoblinBruteBros_RageAttack	-758137609
GoblinBruteBros_nochest	1340531278
GoblinBrute_ArmGuard	801523509
GoblinBrute_Attack	1626038296
GoblinBrute_Backbones	-1141183846
GoblinBrute_ExecutionerCap	1057188125
GoblinBrute_Hildir	-851635044
GoblinBrute_Hildir_ragdoll	-1716809640
GoblinBrute_HipCloth	-1678144185
GoblinBrute_LegBones	-1023139695
GoblinBrute_RageAttack	1750141103
GoblinBrute_ShoulderGuard	886640797
GoblinBrute_Taunt	422634212
GoblinBrute_ragdoll	195844421
GoblinClub	1243528541
GoblinClubDeepNorth	-1343508046
GoblinDeepNorth	1525382458
GoblinHelmet	-1372598740
GoblinKing	-221799126
GoblinKing_ragdoll	-1183704758
GoblinLegband	606128236
GoblinLoin	-1182826951
GoblinShaman	-315180887
GoblinShaman_Headdress_antlers	454410833
GoblinShaman_Headdress_feathers	-776894186
GoblinShaman_Hildir	641645088
GoblinShaman_Hildir_nochest	120032863
GoblinShaman_Hildir_ragdoll	437944868
GoblinShaman_Staff_Bones	1167933866
GoblinShaman_Staff_Feathers	-1055192031
GoblinShaman_Staff_Hildir	570043609
GoblinShaman_attack_poke	562187776
GoblinShaman_projectile_fireball	58584771
GoblinShaman_protect_aoe	693601149
GoblinShaman_ragdoll	-1610435819
GoblinShoulders	-132972994
GoblinSpear	552197258
GoblinSpearDeepNorth	523431295
GoblinSpearDeepNorth_projectile	-530079503
GoblinSpear_projectile	740613604
GoblinSword	-1000332366
GoblinSwordDeepNorth	-752328457
GoblinTorch	1923162683
GoblinTorchDeepNorth	-2146162786
GoblinTotem	-1209005522
Goblin_DN_Dragdoll	1742216398
Goblin_Dragdoll	608207097
Goblin_Gem	1962379517
Gold	-151838028
GoldOre	205000016
GrapplingHook	739313603
GrapplingPoint	-665595068
GrapplingPointSecondary	2116891102
Grausten	2054657901
GraveStone_Broken_CharredTwitcherNest	-472968042
GraveStone_Broken_World	1535305585
GraveStone_CharredFaderLocation	558018705
GraveStone_CharredTwitcherNest	1965496462
GraveStone_Elite_Broken_CharredTwitcherNest	-2131131094
GraveStone_Elite_CharredTwitcherNest	1012668478
Greydwarf	1126707611
GreydwarfEye	-826622060
GreydwarfSurprise	-1117827868
Greydwarf_Elite	-1374218359
Greydwarf_Frozen	-2061081470
Greydwarf_Root	-1510980060
Greydwarf_Shaman	762782418
Greydwarf_Shaman_Frozen	-767279731
Greydwarf_Shaman_ragdoll	-792591186
Greydwarf_Shaman_ragdoll_frozen	53247377
Greydwarf_Surprise	-1309853163
Greydwarf_elite_ragdoll	-1011209571
Greydwarf_ragdoll	605908579
Greydwarf_ragdoll_frozen	-705707502
Greydwarf_throw_projectile	-340666050
Greydwarf_throw_projectile_frozen	605863297
Greyling	-50960667
Greyling_ragdoll	1354298625
Guck	177541128
GuckSack	-2040480890
GuckSack_small	-914926950
Haldor	375476424
Hammer	200814284
HardAntler	1712371231
Hare	-1966747132
HareMeat	1790522819
Hare_ragdoll	-132344452
Hatchling	-729507656
Hatchling_ragdoll	-789524728
HatefulBlood	562307233
HealthUpgrade_Bonemass	-1717780267
HealthUpgrade_GDKing	-1387001121
HeathRockPillar	-2132038161
HeathRockPillar_frac	-328261538
HelmetAshlandsMediumHood	524487976
HelmetBerserkerHood	366436798
HelmetBerserkerUndead	589695471
HelmetBronze	1813259955
HelmetCarapace	239278391
HelmetCelebration	997133407
HelmetCrownofValheim	1375801573
HelmetDNHeavy	1046724996
HelmetDNMage	-1545343223
HelmetDNMediumHood	838860
HelmetDrake	1408519140
HelmetDverger	703889544
HelmetFenring	-178897214
HelmetFishingHat	579200240
HelmetFlametal	1749017287
HelmetHat1	-151261723
HelmetHat10	-1615972107
HelmetHat2	1414822218
HelmetHat3	-1314061137
HelmetHat4	252022804
HelmetHat5	1818106745
HelmetHat6	-910776610
HelmetHat7	655307331
HelmetHat8	-1361115304
HelmetHat9	204968637
HelmetIron	2113728123
HelmetLeather	70008852
HelmetLox	-1471255778
HelmetMage	-1744197025
HelmetMage_Ashlands	1597316648
HelmetMidsummerCrown	-1421560593
HelmetOdin	-204964095
HelmetPadded	1885444557
HelmetPointyHat	-1087704491
HelmetRoot	-1119196061
HelmetRootCrown	-1544492642
HelmetStrawHat	1417358627
HelmetSweatBand	-844544142
HelmetTrollLeather	1503400855
HelmetYule	1213051262
Hen	-1273337693
Hildir	-1012328982
HildirKey_forestcrypt	581095551
HildirKey_mountaincave	-880329412
HildirKey_plainsfortress	-556683561
Hive	-837447128
Hoe	1502599834
HoleRock_opening_znet	1772080650
HoleRock_root1	-589835241
HoleRock_root1_destruction	-1110546030
HoleRock_rootBush1	1240566487
HoleRock_rootFloor1	-1235682905
HoleRock_rootWall1	270497573
HoleRock_rootWall1_destruction	1839966698
Honey	1601842181
HoneyGlazedChicken	931607157
HoneyGlazedChickenUncooked	-1256110725
Hook	963907623
HouseFire	1730843282
HugeRoot1	-832142516
Ice	-466768857
IceBlocker	492655805
IcePond_rock	-1672930718
IcePond_rock_frac	-139884303
IceShard_01	1109531741
IceShard_02	1109531742
IceShard_03	1109531743
IceShard_04	1109531736
IceShard_05	1109531737
IceShard_06	1109531738
IceShelf_01	1067573857
IceShelf_02	1067573854
IceShelf_03	1067573855
IceShelf_04	1067573860
IceShelf_05	1067573861
IceShelf_06	1067573858
IceShelf_07	1067573859
IceShelf_08	1067573864
IceShelf_09	1067573865
IceShelf_10	-1661309499
IceShoes	-1297134799
IceShore	-1203026450
IceShoreShard	1921695390
IceShore_1	971255378
IceShore_frac	1652938965
IceSkates	-677614374
IceWall	2085044757
Ice_floor	-1448864844
Ice_floor_fractured	-1169366101
Ice_ship_1	170622748
Ice_ship_2	573907275
Ice_ship_3	-992176666
Ice_ship_4	-588892139
Ice_ship_5	2139991216
Ice_ship_6	-1751691553
Ice_ship_7	977191802
Imp_fireball_projectile	-1372761134
Iron	1400949664
IronNails	584343451
IronOre	411615136
IronScrap	1511877305
Ironpit	-347900713
JotunHairFemale	-1991254012
JotunHairMale	-412233059
JotunHairMale2	440475715
JotunHairMale3	-1125608226
JotunHairMale4	1603275129
JotunHairMale5	37191188
JotunHairMale6	-1528892753
JotunHairMale7	1199990602
JotunHairMale8	-366093339
JotunWarrior	-817541170
JotunWarrior1HAxe_attack_cleave	-773081155
JotunWarrior1HAxe_attack_dodge	-651150490
JotunWarrior1HAxe_attack_dodger	1827676888
JotunWarrior1HAxe_attack_slash	-1303070660
JotunWarrior1HAxe_attack_slashdw	1064086527
JotunWarrior2HAxe_attack_charge	-1658241422
JotunWarrior2HAxe_attack_cleave	-1590987938
JotunWarrior2HAxe_attack_dodge	-1847290201
JotunWarrior2HAxe_attack_slash	1795756859
JotunWarrior2HSword_attack_charge	-1190656099
JotunWarrior2HSword_attack_cleave	-1257909261
JotunWarrior2HSword_attack_dodge	2011393130
JotunWarrior2HSword_attack_slash	-1663603416
JotunWarriorDualWield	908455659
JotunWarriorSword2h	779429223
JotunWarrior_Ragdoll	-277987758
JotunWarrior_attack_charge	-1200817120
JotunWarrior_attack_cleave	817155640
JotunWarrior_attack_dodge	-436317523
JotunWarrior_attack_slash	-241434299
JotunWarrior_attack_sword	-1390420687
JotunWitch	-1999869181
JotunWitch_attack_dodge	-513169628
JotunWitch_attack_dodge2	1328479262
JotunWitch_attack_dodge_down	-334488673
JotunWitch_attack_dodge_up	358733648
JotunWitch_projectile_lightningbolt	221441755
JuteBlue	59425464
JuteRed	502052093
Kale	-1966747193
KaleChips	1152905720
KaleChipsUncooked	926850574
KaleSeeds	635327143
Karve	-925528333
KeysGoldUncooked	-1114586514
KnifeBlackMetal	1961661821
KnifeButcher	1365582486
KnifeChitin	-505018634
KnifeCopper	1410911030
KnifeFlint	-1567646802
KnifeGold	-1679611065
KnifeGoldUncooked	1185684009
KnifeGold_BloodLightning	-1702599336
KnifeGold_FrostFire	489842420
KnifeSilver	-1378519326
KnifeSkollAndHati	-1987106861
KnifeVoid	1520072291
KnifeWood	-987094990
Lantern	1659590678
Lantern_DN	757588711
Lantern_hooded	-373882200
LargeBone	849791935
LargeBone_half01	1642831486
LargeBone_half02	76747545
Larva	-925531532
LastBossGate_RuneTile	-99520137
LavaRock	2108016051
LeatherScraps	1490625731
Leatherstraps	1746215412
Leech	-1537236269
Leech_cave	-98355895
Leviathan	1332964068
LeviathanLava	148267254
LinenThread	-1376039418
Lingonberry	1099083291
LingonberryBush	-985012277
Lingondricka	871345847
LocationProxy	-313992107
LootSpawner_pineforest	2067969702
Lox	1502599715
LoxMeat	1273492894
LoxPelt	702453006
LoxPie	16727443
LoxPieUncooked	2035010361
Lox_Calf	2032626552
LuredFaderEmber	-598866321
LuredWisp	628311579
MaceBronze	1042173684
MaceEldner	-864584252
MaceEldnerBlood	-868343520
MaceEldnerLightning	234711854
MaceEldnerNature	802091271
MaceGold	1023955122
MaceGoldUncooked	-482582224
MaceGold_BloodLightning	48913367
MaceGold_FrostFire	205462929
MaceIron	-2074455458
MaceNeedle	1646123621
MaceSilver	-589925683
MaceWood	1023955653
MagicallyStuffedShroom	1736129798
MagicallyStuffedShroomUncooked	508319580
Mandible	802493318
MarinatedGreens	181515673
MashedMeat	-1442468209
MeadBaseBugRepellent	-1506937391
MeadBaseBzerker	2049605095
MeadBaseEitrLingering	1630163629
MeadBaseEitrMinor	1246556425
MeadBaseFrostResist	1001949628
MeadBaseHasty	1894907459
MeadBaseHealthLingering	-1469156341
MeadBaseHealthMajor	251116763
MeadBaseHealthMedium	-337119751
MeadBaseHealthMinor	2092877623
MeadBaseLightFoot	-1025379740
MeadBasePoisonResist	196470766
MeadBaseStaminaLingering	1129221382
MeadBaseStaminaMedium	279948666
MeadBaseStaminaMinor	-1061353886
MeadBaseStrength	1531174297
MeadBaseSwimmer	2033614552
MeadBaseTamer	1041280071
MeadBaseTasty	1894904111
MeadBugRepellent	-1764538796
MeadBzerker	-1347086492
MeadEitrLingering	2049315250
MeadEitrMinor	915055238
MeadFrostResist	647021439
MeadHasty	-996272896
MeadHealthLingering	-153368080
MeadHealthMajor	-921729736
MeadHealthMedium	-1416734660
MeadHealthMinor	920031124
MeadLightfoot	-111435671
MeadPoisonResist	-1382234189
MeadStaminaLingering	-717547805
MeadStaminaMedium	-1060658883
MeadStaminaMinor	-1149314721
MeadStrength	-24546476
MeadSwimmer	-1654178317
MeadTamer	-1849866750
MeadTasty	-996243444
MeadTrollPheromones	-322215482
MeatPlatter	696240715
MeatPlatterUncooked	625870585
MeatballsMashedPoteitr	-627330312
MechanicalSpring	1846396992
MemorialCoal	-1657203967
MemorialStone_Large	-708673215
MemorialStone_Medium	1451211449
MemorialStone_Small	-1548975273
MinceMeatSauce	-1219034992
MineRock_Copper	723343212
MineRock_Iron	-922930389
MineRock_Meteorite	-971628607
MineRock_Obsidian	820355464
MineRock_Stone	-1789907722
MineRock_Tin	-1882492588
MistArea	-459035306
MistArea_edge	-1500069970
MistArea_small	676739018
MisthareSupreme	1085766256
MisthareSupremeUncooked	229705406
Mistile	-1247468837
Mistile_kamikaze	1054459491
MoldArmorGoldChest	-608273668
MoldArmorGoldHelmet	1234679530
MoldArmorGoldLegs	-1914796378
MoldArmorMageChest	-180081988
MoldArmorMageHelmet	-497378246
MoldArmorMageLegs	-795928254
MoldArmorMediumHelmet	-1015045011
MoldArmorMediumLegs	159828289
MoldArmormediumChest	542674737
MoldAtgeir	1489475308
MoldAxe	-601509778
MoldAxe2H	2075352572
MoldBow	870466070
MoldCrossbow	658434454
MoldFistweapon	314494768
MoldKeys	-589748082
MoldKnife	750944353
MoldMace	1850161724
MoldMace2H	-1567817726
MoldShieldBuckler	-318857191
MoldShieldRound	-1758649809
MoldShieldTower	614013476
MoldSmallParts	802779077
MoldSpear	45657339
MoldStaffOrbofAhri	-1481141492
MoldStafffrostorbs	196003452
MoldStaffspiritcaller	1051222994
MoldStaffthunderblood	1160612162
MoldSword	1577983635
MoldSword2H	-1885854703
MoleClaws	-405473607
MoltenCore	1527524242
Moose	82800831
MooseHide	1240122039
MooseKebab	-489293696
MooseMeat	-1589517988
MooseSinew	-781883411
Moose_Calf_Ragdoll	280352846
Moose_Ragdoll	-382568161
Moose_calf	1669772722
Moose_spiritcaller	-334658490
Morgen	682385102
MorgenHeart	-1125601850
MorgenSinew	-1770819968
Morgen_NonSleeping	-791130405
Morkborg_gate	172096595
Morkhalla_Banner1	-933819795
Morkhalla_Banner2	-933819798
Morkhalla_Bedroll1	1691268727
Morkhalla_Bedroll2	-1037614628
Morkhalla_Bench	-2099453372
Morkhalla_Block	-1111315835
Morkhalla_Chain	1812433805
Morkhalla_ChestAncient	1966597131
Morkhalla_Drawbridge	-497088145
Morkhalla_Eye1	1323557958
Morkhalla_Eye2	920273431
Morkhalla_Eye3	-1808609924
Morkhalla_Eye4	1726842485
Morkhalla_Eye5_gemstone	-307864313
Morkhalla_Eye6_gemstone	-1954406120
Morkhalla_Eye7_gemstone	-1026665539
Morkhalla_Floor_2x2	-74487561
Morkhalla_Floor_4x4	-74487753
Morkhalla_Floor_4x4_broken01	1662224322
Morkhalla_Floor_4x4_broken02	96140381
Morkhalla_GateDoor	-547208263
Morkhalla_GateDoor02	-1852586257
Morkhalla_GateDoor03	-286502316
Morkhalla_MetalBar	-1923055250
Morkhalla_Rubble1	1647913655
Morkhalla_Rubble1_fall	-1461869097
Morkhalla_Rubble2	1647913654
Morkhalla_Rubble2_fall	-1461876390
Morkhalla_Rubble3	1647913653
Morkhalla_Rubble4	1647913660
Morkhalla_Rubble_Destroyed	1470919012
Morkhalla_Rug_corner	381144752
Morkhalla_Rug_end1	909166473
Morkhalla_Rug_end2	-656917468
Morkhalla_Rug_middle	823803108
Morkhalla_Rug_stair	-766155874
Morkhalla_Stairs_giant_railing	-2107976099
Morkhalla_Stairs_giant_short	-1752987035
Morkhalla_Stairs_giant_short_broken1	26989056
Morkhalla_Stairs_giant_short_broken2	-1539094885
Morkhalla_StatuePieceArmL	-1686726810
Morkhalla_StatuePieceArmL_big	-374775119
Morkhalla_StatuePieceArmR	-1686726824
Morkhalla_StatuePieceArmR_big	-374786005
Morkhalla_StatuePieceFace	-1942201143
Morkhalla_StatuePieceFace_big	424931028
Morkhalla_StatuePieceFeet	-1135631948
Morkhalla_StatuePieceFeet_big	1800434825
Morkhalla_StatuePieceHorn	-268712377
Morkhalla_StatuePieceHorn2	1342856749
Morkhalla_StatuePieceHorn2_big	-412782508
Morkhalla_StatuePieceHorn_big	-967152196
Morkhalla_StatuePieceLegs	1989629393
Morkhalla_StatuePieceLegs_big	-21621472
Morkhalla_StatuePieceSword	1348214081
Morkhalla_StatuePieceSword_big	125725536
Morkhalla_StatuePieceTorso	363365725
Morkhalla_StatuePieceTorso_big	-1724076782
Morkhalla_StatueSword	-1088330209
Morkhalla_StatueSword_hanging	546343932
Morkhalla_Stonepile	908549971
Morkhalla_Stool	1765103703
Morkhalla_Table	515103554
Morkhalla_Trainingdummy1	-2044718299
Morkhalla_Trainingdummy2	1846964470
Morkhalla_WallChain1	1367799918
Morkhalla_WeaponStand	-717711062
Morkhalla_WoodBoards	-95250290
Morkhalla_bridge_davinci	-1174015184
Morkhalla_coal_pile_memorial	-109735383
Morkhalla_firepit	1954352701
Morkhalla_giant_railing	1845858688
Morkhalla_giant_railing_corner	-697009920
Morkhalla_giant_railing_deco	-234802384
Morkhalla_giant_railing_half	-523775988
Morkhalla_giant_railing_single	-968312107
Morkhalla_giant_railing_torch	-581885059
Morkhalla_giant_railing_torch_unlit	-1841374582
Morkhalla_jotun_gate	-1374614442
Morkhalla_rubble_trashpile	327208209
Morkhalla_rubble_trashpile_destruction	349064406
Morkhalla_woodboards_Destroyed	-1501268758
MountainGraveStone01	268544908
MountainKit_brazier	-42805769
MountainKit_brazier_blue	-1109219954
MountainKit_brazier_purple	-1198713900
MountainKit_wood_gate	1604827893
Mushroom	-1961898040
MushroomBlue	660592112
MushroomBzerker	-1904387381
MushroomJotunPuffs	-1620577410
MushroomMagecap	-1474822598
MushroomOmelette	-1143960049
MushroomSmokePuff	-1559844418
MushroomYellow	-115856560
Music_FulingCamp	-1627403090
Music_GreydwarfCamp	80755174
Music_MeadowsVillageFarm	-1659806456
Music_MountainCottage	-773537486
Music_SealedTower	-98426013
Music_StoneHenge	-2044334466
Neck	-2081058657
NeckTail	-1398896717
NeckTailGrilled	-1094347100
Neck_Ragdoll	-152497
Needle	1523164967
NornThread	-1328953761
OLD_wood_roof	-1278775552
OLD_wood_roof_icorner	-495402031
OLD_wood_roof_ocorner	-495338349
OLD_wood_roof_top	-1083140140
OLD_wood_wall_roof	1928745705
Oak1	735284842
OakStub	1457518369
Oak_Sapling	-172929820
Oak_log	-1822460498
Oak_log_half	719041002
Oat	696030642
OatFlour	-394220254
OatMilk	-1069814923
OatSeeds	1260684100
OatmealLingonberryJam	-43522968
Obsidian	-215580535
Onion	-1315263071
OnionSeeds	1180314225
OnionSoup	1592016380
Ooze	1414246171
OozeMork	-1201750938
OrbFrostFire	-1931051973
OrbThunderBlood	1263128497
OvenPancake	-685185831
OvenPancakeUncooked	-936584093
Pancakes	329862874
Pickable_Ashstone	1726828493
Pickable_Barley	-739875783
Pickable_Barley_Wild	-494395474
Pickable_BlackCoreStand	-958543452
Pickable_BogIronOre	1644571806
Pickable_Branch	2035819856
Pickable_Branch_Snow	269664618
Pickable_Carrot	600686073
Pickable_Charredskull	2146196080
Pickable_Dandelion	16756586
Pickable_DolmenTreasure	1500324956
Pickable_DragonEgg	-321593056
Pickable_DvergerThing	-2077136871
Pickable_DvergrLantern	-1170674848
Pickable_DvergrMineTreasure	-803714842
Pickable_DvergrStein	-2043959483
Pickable_Fiddlehead	-1089506736
Pickable_Fishingrod	-524508767
Pickable_Flax	-1182933197
Pickable_Flax_Wild	1325033780
Pickable_Flint	-1217738099
Pickable_ForestCryptRandom	-2081011024
Pickable_ForestCryptRemains01	449644523
Pickable_ForestCryptRemains02	449644526
Pickable_ForestCryptRemains03	449644525
Pickable_ForestCryptRemains04	449644520
Pickable_FrostCoreHanger	-1164793754
Pickable_GlowWorm	838269662
Pickable_Hairstrands01	-397428878
Pickable_Hairstrands02	5855649
Pickable_HardRockOffspring	1914820248
Pickable_Item	-477120423
Pickable_Kale	322799971
Pickable_MeatPile	445972681
Pickable_Meteorite	-1081635004
Pickable_MoltenCoreStand	-1077064976
Pickable_MorkHallaTreasure	1616422458
Pickable_MountainCaveCrystal	299318408
Pickable_MountainCaveObsidian	-1115391601
Pickable_MountainCaveRandom	478105205
Pickable_MountainRemains01_buried	-1816579317
Pickable_Mushroom	1520650186
Pickable_Mushroom_JotunPuffs	-1419806457
Pickable_Mushroom_Magecap	-1313626337
Pickable_Mushroom_blue	-1843622859
Pickable_Mushroom_yellow	-1342135541
Pickable_Oat	-583577844
Pickable_Obsidian	-1991911291
Pickable_Onion	959601677
Pickable_Pot_Shard	1625867752
Pickable_Poteitr	-2070086635
Pickable_RandomFood	-1117014999
Pickable_RoyalJelly	1661049019
Pickable_SeedCarrot	1405222666
Pickable_SeedKale	-1122757642
Pickable_SeedOnion	539751898
Pickable_SeedTurnip	1947547595
Pickable_SmokePuff	432248582
Pickable_Snowball	645628170
Pickable_Stone	-1471593253
Pickable_StoneRock	1649351520
Pickable_SulfurRock	1603155848
Pickable_SunkenCryptRandom	849594011
Pickable_SurtlingCoreStand	2014622831
Pickable_Swordpiece1	-1627203936
Pickable_Swordpiece2	-2030488463
Pickable_Swordpiece3	-464404522
Pickable_Tar	908600739
Pickable_TarBig	412021611
Pickable_Thistle	1175276079
Pickable_Tin	-2129458801
Pickable_Turnip	412034074
Pickable_VoltureEgg	-655677200
PickaxeAntler	-961424307
PickaxeBlackMetal	1840385895
PickaxeBronze	-1585937997
PickaxeIron	915836683
PickaxeStone	1083748678
Piece_flametal_beam	1792656179
Piece_flametal_pillar	-1300178014
Piece_grausten_floor_1x1	706748652
Piece_grausten_floor_2x2	2131670092
Piece_grausten_floor_4x4	686545676
Piece_grausten_pillar_arch	-1665545160
Piece_grausten_pillar_arch_small	194227816
Piece_grausten_pillarbase_medium	-1141104816
Piece_grausten_pillarbase_small	-1468795246
Piece_grausten_pillarbase_tapered	-3772522
Piece_grausten_pillarbase_tapered_inverted	-1663427654
Piece_grausten_pillarbeam_medium	582887354
Piece_grausten_pillarbeam_small	1572308796
Piece_grausten_stone_ladder	913259269
Piece_grausten_wall_1x2	538325705
Piece_grausten_wall_2x2	538325612
Piece_grausten_wall_4x2	538325542
Piece_grausten_wall_arch	-1125750956
Piece_grausten_wall_arch_inverted	-1884296
Piece_grausten_window_2x2	-660250868
Piece_grausten_window_4x2	-660250798
PineCone	1779180581
PineTree	1295600320
PineTree_Sapling	-1134441643
PineTree_Snow_log	1617326913
PineTree_Snow_log_XL	234577060
PineTree_Snow_log_XL_half	-1126272096
PineTree_Snow_log_half	2068723509
PineTree_Snow_log_half_frost_troll	198497532
PineTree_log	1111243907
PineTree_logOLD	-1636733362
PineTree_log_half	1016303223
PineTree_log_halfOLD	749341040
PineTree_snowfall	-257857655
Pinetree_01	797319082
Pinetree_01_Stub	364904293
Pinetree_Snow	1040413270
Pinetree_Snow_Stub	268476513
Pinetree_Snow_dead	1182706869
PiquantPie	450722210
PiquantPieUncooked	1744026944
Placeable_HardRock	-1499803462
Placeable_Stone	1290565497
Player	1875862075
PlayerUnarmed	-442047277
Player_ragdoll	-1124029525
Player_ragdoll_old	751687535
Player_tombstone	-1558312669
Pot_Shard_Green	270239518
Pot_Shard_Red	589902282
Poteitr	64556897
PoteitrSeeds	-1699173647
PowderedDragonEgg	-1647798370
Projectile_GrapplingHook	-183061595
Projectile_GrapplingHook_secondary	1149386916
PropFeastDeepNorth	122781979
ProustitePowder	769777628
Pukeberries	-836947401
PulledBear	149668394
PungentPebbles	1918846796
QueenBee	-1533933068
QueenDrop	1064174259
QueensJam	-474798661
Raft	49675681
Ragdoll_Asksvin	1854381283
Ragdoll_Asksvin_Hatchling	817894100
Raspberry	1479220028
RaspberryBush	1809630058
RawMeat	-666181511
Resin	-730656777
RoastedCrustPie	1779145477
RoastedCrustPieUncooked	-1805638125
RockDolmen_1	1396764178
RockDolmen_2	1800048705
RockDolmen_3	233964764
RockFinger	571199914
RockFingerBroken	414646403
RockFingerBroken_frac	1140737056
RockFinger_frac	-171548199
RockThumb	-1854838197
RockThumb_frac	-233084190
Rock_3	1172889253
Rock_3_deepnorth	194206525
Rock_3_deepnorth_frac	1061491316
Rock_3_frac	1649426798
Rock_4	1576173780
Rock_4_deepnorth	1052247898
Rock_4_plains	-2040381836
Rock_7	-1152709575
Rock_7_deepnorth	171973417
Rock_7_meadows	-1591307680
Rock_destructible	112360646
Rock_destructible_test	-447136041
Root	-864298130
RottenMeat	-476284625
RoundLog	-413278252
RoyalJelly	-442216113
Ruby	2052801890
SP_ArmorBronzeChest	1036980414
SP_ArmorBronzeLegs	442135164
SP_ArmorDress1	806885101
SP_ArmorFenringChest	1495801961
SP_ArmorFenringLegs	1922386529
SP_ArmorLeatherLegs	1627208601
SP_ArmorMageChest	2139742128
SP_ArmorMageChest_Ashlands	708696525
SP_ArmorMageLegs	1931917202
SP_ArmorMageLegs_Ashlands	1011312721
SP_ArmorPaddedCuirass	1960554995
SP_ArmorPaddedGreaves	-1645918898
SP_ArmorTrollLeatherChest	-442113310
SP_ArmorTrollLeatherLegs	-974469312
SP_ArmorTunic5	-367936265
SP_AxeBronze	459083054
SP_BattleaxeCrystal	1265771962
SP_BowDraugrFang	435910859
SP_CapeLinen	-714054605
SP_CapeTrollHide	141492048
SP_CapeWolf	739106997
SP_HelmetBronze	-1140500325
SP_KnifeSilver	1787058454
SP_KnifeSkollAndHati	-238595237
SP_ShieldBlackmetalTower	-713529466
SP_StaffFireball	1530132193
SP_StaffLightning	200952138
SP_SwordBlackmetal	485598355
SaddleAsksvin	-271201464
SaddleLox	-671861700
SaddleMoose	-1550223274
Salad	190225431
Sap	696031002
Sausages	1580132118
ScaleHide	-569089572
ScorchingMedley	-931348166
Scythe	1070583578
ScytheHandle	-161988480
Seagal	1469476749
Seal	-514974285
SealBlubber	1453610355
SealHide	1807128891
SealSoup	-1351891120
Seal_Pup	934076889
Seeker	515096851
SeekerAspic	452860339
SeekerBrood	-851106125
SeekerBrute	-1516513665
SeekerBrute_Taunt	789849948
SeekerEgg	1515859210
SeekerEgg_alwayshatch	-63152736
SeekerQueen	-185712007
SeekerQueen_Call	-1828334774
SeekerQueen_Teleport	218841687
SeekerQueen_projectile_spit	-1897578788
SeekerQueen_projectile_teleport	-1932604943
SeekerQueen_spithit	1195333873
Serpent	1671717323
SerpentMeat	-370330082
SerpentMeatCooked	865616331
SerpentScale	-1569517817
SerpentStew	-1781955618
ShadowPerson	-656766093
SharpeningStone	-750899644
ShieldBanded	616678875
ShieldBlackmetal	-417136115
ShieldBlackmetalTower	-1283608710
ShieldBoneTower	387580618
ShieldBronzeBuckler	831128417
ShieldBucklerGoldUncooked	752247209
ShieldCarapace	-2124075815
ShieldCarapaceBuckler	-1416094899
ShieldCore	-668094240
ShieldFlametal	1776699129
ShieldFlametalTower	1298894236
ShieldGold	897989851
ShieldGoldBuckler	-1881578093
ShieldGoldTower	1748083434
ShieldIronBuckler	-1704092447
ShieldIronSquare	-66427558
ShieldIronTower	1602392070
ShieldKnight	-1748101970
ShieldRoots	-989728912
ShieldRoundGoldUncooked	1723457591
ShieldSerpentscale	-344082900
ShieldSilver	-1248409586
ShieldTowerGoldUncooked	274624924
ShieldWood	897989326
ShieldWoodTower	1729114779
ShimmeringSand_rock	1387741603
ShimmeringSand_rock_frac	1213685060
ShocklateSmoothie	-1079051988
ShootStump	-1558885352
Shovel	-1536823377
Silver	-1906091609
SilverNecklace	-726203417
SilverOre	2105582487
SizzlingBerryBroth	-1865024493
Skeleton	-1035090735
Skeleton_DeepNorth	-729514615
Skeleton_Friendly	885507349
Skeleton_Hildir	-240502814
Skeleton_Hildir_nochest	-571272069
Skeleton_Meadows	854610264
Skeleton_Meadows_noarcher	2144689997
Skeleton_Mountains	-2134189522
Skeleton_Mountains_noarcher	668298163
Skeleton_NoArcher	392606230
Skeleton_Poison	-1723003302
Skeleton_Swamps	-342802671
Skeleton_Swamps_noarcher	1043205456
Skeleton_aspect	-1467585674
Skull1	757858766
Skull2	354574239
Sled	-333405836
SledgeCheat	175903691
SledgeDemolisher	427268604
SledgeGold	262437294
SledgeGoldUncooked	-27335484
SledgeGold_BloodLightning	284467689
SledgeGold_FrostFire	1693439791
SledgeIron	-228048586
SledgeStagbreaker	-698896327
SledgeWood	262436763
SmallPartsGoldUncooked	1034940297
SmokedFish	1972031175
SmokedMooseMeat	-1674877667
SnowFirTree	-1251589746
SnowFirTree 2	222289852
SnowFirTree2_snowfall	1681037457
SnowFirTreeSmall_snowfall	738050508
SnowFirTree_small	-1475823994
SnowFirTree_snowfall	-1849627113
SnowRoller	566687715
Snowball	-362616084
SnowballBig	-765111862
Softtissue	-20868409
Sparkler	-2049163370
SparklingShroomshake	-1966477433
Spawner_Bat	-1836156358
Spawner_Bjorn_sleeping	-1700695496
Spawner_Blob	959730964
Spawner_BlobElite	-241244907
Spawner_BlobTar	-2140639629
Spawner_BlobTar_respawn_30	1490211126
Spawner_Boar	1571435137
Spawner_BogWitchKvastur_respawn_30	-1340409685
Spawner_Charred	411552450
Spawner_CharredCross	-751489162
Spawner_CharredStone	-2008070405
Spawner_CharredStone_Elite	-1351421259
Spawner_CharredStone_event	-1677131084
Spawner_Charred_Archer	-797372920
Spawner_Charred_Dyrnwyn	-884549218
Spawner_Charred_Mage	1488785665
Spawner_Charred_balista	-841865417
Spawner_Chicken	-1765986286
Spawner_Cultist	-1600033845
Spawner_Cultist_Hildir	-2073938394
Spawner_Cultist_Hildir_bossroom	1058170771
Spawner_Draugr	1620622954
Spawner_DraugrPile	-399756230
Spawner_Draugr_Elite	-2140484606
Spawner_Draugr_Noise	-1294801227
Spawner_Draugr_Ranged	521057400
Spawner_Draugr_Ranged_Noise	-955292439
Spawner_Draugr_respawn_30	1006477195
Spawner_DvergerArbalest	-1855532330
Spawner_DvergerAshlands	1778113542
Spawner_DvergerDeepNorth	-2130328051
Spawner_DvergerMage	726868954
Spawner_DvergerRandom	-1799783159
Spawner_ElakingMole_Wakeup	239737417
Spawner_FallenValkyrie	-129499636
Spawner_Fenring	705538066
Spawner_Fish4	-524222393
Spawner_Frysling	1422376809
Spawner_Frysling_respawn_30	829657494
Spawner_Ghost	-2043251898
Spawner_Ghost_Void	1665673083
Spawner_Ghost_sleeping	1308558182
Spawner_Goblin	-253282352
Spawner_GoblinArcher	-1332276175
Spawner_GoblinBrute	1838267156
Spawner_GoblinBrute_Hildir	1045814903
Spawner_GoblinDeepNorth	1126037465
Spawner_GoblinShaman	-40747638
Spawner_Greydwarf	544574264
Spawner_GreydwarfNest	-2136750990
Spawner_Greydwarf_Elite	1287973336
Spawner_Greydwarf_Shaman	-1711995613
Spawner_Greydwarf_Surprise	1263773258
Spawner_Hatchling	-1720584471
Spawner_Hen	133212030
Spawner_Hole	455689833
Spawner_Hole_double	-571355069
Spawner_JotunDualWield	1104440988
Spawner_JotunWarrior	775982643
Spawner_JotunWitch	-1586183234
Spawner_Kvastur	-619344977
Spawner_Leech_cave	-1702254152
Spawner_Location_Elite	-1825512432
Spawner_Location_Greydwarf	1020298526
Spawner_Location_Shaman	233788309
Spawner_Morgen	-1994296889
Spawner_Morgen_wakeup	443419565
Spawner_Seeker	722088364
Spawner_SeekerBrute	408415796
Spawner_SeekerBrute_respawn_240	-1378251478
Spawner_Seeker_respawn_240	-457933930
Spawner_ShadowPerson	-62404222
Spawner_Skeleton	-346964912
Spawner_Skeleton_Meadows	1051862471
Spawner_Skeleton_Meadows_night_noarcher	807435357
Spawner_Skeleton_Mountains	1703708293
Spawner_Skeleton_Mountains_night_noarcher	-1587354877
Spawner_Skeleton_Swamp	1727421589
Spawner_Skeleton_Swamp_night_noarcher	1572469971
Spawner_Skeleton_hildir	380046719
Spawner_Skeleton_hildir_bossroom	949525480
Spawner_Skeleton_night_noarcher	2087336966
Spawner_Skeleton_poison	-1948581159
Spawner_Skeleton_respawn_30	81405021
Spawner_Skeleton_rise	1684201496
Spawner_StoneGolem	710649036
Spawner_Tick	1463772894
Spawner_Tick_stared	1317363426
Spawner_Tick_stared_respawn_240	-1370191596
Spawner_Troll	-275632390
Spawner_TrollFrost	828581156
Spawner_Twitcher	-989373867
Spawner_Ulv	-1076640884
Spawner_Volture	873086358
Spawner_Wraith	-268438304
Spawner_Writhan	1577834926
Spawner_imp	489441179
Spawner_imp_respawn	-778538652
SpearBronze	-1821145625
SpearCarapace	-1808454157
SpearChitin	678850310
SpearElderbark	-1438354023
SpearFlint	-1352659250
SpearGold	980251685
SpearGoldUncooked	-1989599597
SpearGold_BloodLightning	-1301328004
SpearGold_FrostFire	-1891214396
SpearSplitner	-355294970
SpearSplitner_Blood	1513348491
SpearSplitner_Lightning	1147489737
SpearSplitner_Nature	1401156240
SpearWolfFang	228563121
SpearWood	-1681632858
SpiceAshlands	-1505667814
SpiceDeepNorth	1752286659
SpiceForests	-422963506
SpiceMistlands	-1975117249
SpiceMountains	-1480187500
SpiceOceans	74864965
SpicePlains	1241914297
SpicyMarmalade	-1163188226
StaffClusterbomb	-744488650
StaffFireball	-1657298159
StaffFrostOrbs	-97147916
StaffFrostOrbsUncooked	-101091270
StaffGreenRoots	315959816
StaffIceShards	965145214
StaffLightning	-1385015058
StaffOrbofAhri	-1819695760
StaffOrbofAhriUncooked	661728930
StaffRedTroll	1740170878
StaffShield	-1345985635
StaffSkeleton	-1318346397
StaffSpiritCaller	-1724175458
StaffSpiritCallerUncooked	1594907248
StaffThunderBlood	-677306358
StaffThunderbloodUncooked	2122368688
StaminaUpgrade_Greydwarf	-1439240287
StaminaUpgrade_Troll	-2070050825
StaminaUpgrade_Wraith	-1764358509
StartPlatform	199762999
StatueCorgi	-1452599006
StatueDeer	222646934
StatueEvil	726946320
StatueFreya	-1069512713
StatueFreya_broken_left	1375459635
StatueFreya_broken_right	2053060000
StatueHare	1936541740
StatueSeed	128538777
StatueThor	2091259387
StatueThor_broken_bottom	-810858193
StatueThor_broken_top	1325034399
Stone	-535531945
StoneGolem	1814827443
StoneGolem_clubs	-1360440141
StoneGolem_hat	-877622719
StoneGolem_spikes	-856244001
StoneRock	926881886
Stonegolem_ragdoll	-1554331797
StumpHole	-1755069231
StumpHole_destroyed	330985101
StumpHut	1172289510
StumpHut_frac	-1781635413
StumpLog	-57767025
SulfurStone	1301986444
SunkenKit_int_towerwall_LOD	-376428566
Surtling	1370511288
SurtlingCore	-905433289
SwampTree1	2111235755
SwampTree1_Stub	-142007914
SwampTree1_log	998340100
SwampTree2	1707951228
SwampTree2_darkland	2052455688
SwampTree2_log	270257971
Sword2h_JotunWarrior	-717068794
SwordBlackmetal	660487747
SwordBronze	995331031
SwordCheat	1586116462
SwordDyrnwyn	-165525154
SwordGold	575346221
SwordGoldUncooked	-655494741
SwordGold_BloodLightning	1690651452
SwordGold_FrostFire	-1963426964
SwordIron	-110263489
SwordIronFire	-114512825
SwordMistwalker	-22010056
SwordNiedhogg	-2019636756
SwordNiedhoggBlood	238701276
SwordNiedhoggLightning	-3726398
SwordNiedhoggNature	279381957
SwordSilver	891097842
SwordWood	-1864305586
THSwordGold	762612465
THSwordGoldUncooked	-889569913
THSwordGold_BloodLightning	2068827984
THSwordGold_FrostFire	734021216
THSwordKrom	1891654770
THSwordSlayer	1680378985
THSwordSlayerBlood	1909909211
THSwordSlayerLightning	-446699339
THSwordSlayerNature	163402162
THSwordWood	-1677039342
Tankard	-430432277
TankardAnniversary	1115535871
TankardOdin	-467580905
Tankard_dvergr	-676449504
Tar	696030903
TarLiquid	920931787
Tendril	737206530
Tendril_back	-77220520
TentaRoot	326210194
TentaRoot_wild	1423749093
TheHive	1340509431
Thistle	-1711101149
Thunderstone	-1340310877
Tick	325352405
Tin	339800571
TinOre	1742893963
Torch	795277336
TorchMist	-671973751
Trailership	182695579
TrainingDummy	892476008
TrainingDummy_throw_projectile	551208811
TreasureChest_ashland_stone	1730304736
TreasureChest_blackforest	1673474691
TreasureChest_charredfortress	610578758
TreasureChest_deepnorth_village	842173313
TreasureChest_dvergr_loose_stone	1535347102
TreasureChest_dvergrtower	1008822310
TreasureChest_dvergrtown	-819997397
TreasureChest_fCrypt	1396451807
TreasureChest_forestcrypt	-494038940
TreasureChest_forestcrypt_hildir	-1891157319
TreasureChest_heath	-1283895483
TreasureChest_heath_hildir	209240618
TreasureChest_meadows	600954715
TreasureChest_meadows_01	418849705
TreasureChest_meadows_02	-1147234236
TreasureChest_meadows_buried	1182558977
TreasureChest_meadows_combat	1811557810
TreasureChest_memorial_buried	-1526907957
TreasureChest_morkhalla	475811700
TreasureChest_mountaincave	637000287
TreasureChest_mountaincave_hildir	1142509968
TreasureChest_mountains	-161144371
TreasureChest_plains_stone	-922407394
TreasureChest_plainsfortress_hildir	1317746129
TreasureChest_sunkencrypt	-190638207
TreasureChest_swamp	887247677
TreasureChest_trollcave	901211521
TriggerSpawner_Brood	-116387065
TriggerSpawner_Seeker	343158804
TrinketBlackDamageHealth	491242827
TrinketBlackStamina	2145085185
TrinketBloodGoldHealth	1956906669
TrinketBloodGoldStamina	920079234
TrinketBronzeHealth	1246814413
TrinketBronzeStamina	-480469634
TrinketCarapaceEitr	807590947
TrinketChitinSwim	1804683720
TrinketFlametalEitr	1598382955
TrinketFlametalStaminaHealth	-2116739576
TrinketIronHealth	-1572614915
TrinketIronStamina	1336211340
TrinketScaleStaminaDamage	1007656209
TrinketSilverDamage	-1155561769
TrinketSilverResist	678589910
Troll	425751481
TrollFrost	1429425329
TrollFrost_Dead	-2105118948
TrollFrost_Frac	-982724606
TrollFrost_Frac_arm	1914225133
TrollFrost_Frac_legs	-241122690
TrollHide	-1798613647
Troll_Summoned	-500810924
Troll_ragdoll	-1300355707
Troll_sleeping	338026665
Troll_summoned_ragdoll	-2008320912
Trollsnow_ragdoll	-1985565486
TrophyAbomination	950444395
TrophyAsksvin	1084996439
TrophyBarka	-1362351605
TrophyBjorn	-468579885
TrophyBjornUndead	-1830072632
TrophyBlob	744168779
TrophyBlob_Frost	-1156946362
TrophyBlob_Lava	788983158
TrophyBlob_Morkhalla	435846271
TrophyBoar	434992580
TrophyBonemass	-823608926
TrophyBonemawSerpent	-1218711148
TrophyCharredArcher	-137947288
TrophyCharredMage	-1246052899
TrophyCharredMelee	-2018017253
TrophyCultist	-275461056
TrophyCultist_Hildir	-1434059771
TrophyDeathsquito	-178752771
TrophyDeer	1281967652
TrophyDeerWhite	523708501
TrophyDragonQueen	1777024751
TrophyDraugr	255610059
TrophyDraugrElite	224753756
TrophyDraugrFem	2113459109
TrophyDvergr	388316152
TrophyEikthyr	-210135580
TrophyElaking	1690940623
TrophyFader	-555786200
TrophyFallenValkyrie	-1572092205
TrophyFenring	-1862041229
TrophyForestTroll	1490357724
TrophyFrostTroll	1334057821
TrophyGhost	-1994263197
TrophyGjall	1951121652
TrophyGoblin	-1910628999
TrophyGoblinBrute	-1059419183
TrophyGoblinBruteBrosBrute	-2087459199
TrophyGoblinBruteBrosShaman	1090845817
TrophyGoblinKing	-761824688
TrophyGoblinShaman	-1390649375
TrophyGreydwarf	1438359047
TrophyGreydwarfBrute	520692315
TrophyGreydwarfShaman	-1167222293
TrophyGrowth	-1545751767
TrophyHare	730872782
TrophyHatchling	1489900578
TrophyJotunWarrior	-1956821252
TrophyJotunWitch	1473208887
TrophyKvastur	-1184827872
TrophyLeech	2011746767
TrophyLox	1418882551
TrophyMole	1288616091
TrophyMoose	1877231067
TrophyMorgen	1564228932
TrophyNeck	-640346581
TrophySGolem	394875495
TrophySeal	1732305719
TrophySeeker	-1531883793
TrophySeekerBrute	-288469621
TrophySeekerQueen	222489465
TrophySerpent	-659296385
TrophySkeleton	446596857
TrophySkeletonHildir	336792979
TrophySkeletonPoison	319457105
TrophySurtling	1253526026
TrophyTheElder	-7767225
TrophyTick	-1917457907
TrophyUlv	-1310001585
TrophyVolture	386496655
TrophyWolf	1691899648
TrophyWraith	1821410901
TrophyWrithan	-229636917
Turnip	-1615314128
TurnipSeeds	1883826970
TurnipStew	131796573
TurretBolt	1300114313
TurretBoltBloodgold	-434940733
TurretBoltBone	225506279
TurretBoltFlametal	-1599153329
TurretBoltWood	-1340577042
Turret_projectile	2021006706
Turret_projectile_bloodgold	-885870789
Turret_projectilebone	730139996
Ulv	-63484205
Ulv_Ragdoll	2013076875
Ulv_attack1_bite	-2106399042
Ulv_attack2_slash	-1857559904
Unbjorn	1522092210
Unbjorn_ragdoll	-1401584322
UndeadBjornRibcage	-303747719
UnstableLavaRock	-1209701263
UnstableLavaRock_explosion	-1874176361
UpgradeStation	-877669110
Upgrader0Armor	1131723433
Upgrader0Weapon	64203488
Upgrader1Armor	1131716010
Upgrader1Weapon	63956225
Upgrader2Armor	1131717159
Upgrader2Weapon	63992098
Upgrader3Armor	1131718184
Upgrader3Weapon	64023875
Upgrader4Armor	1131727781
Upgrader4Weapon	64338532
Upgrader5Armor	1131720358
Upgrader5Weapon	64091269
Upgrader6Armor	1131721507
Upgrader6Weapon	64127142
Upgrader7Armor	1131722532
Upgrader7Weapon	64158919
Valkyrie	1321415847
Valkyrie_End	-75284709
VegvisirShard_Bonemass	2016758402
VikingCupcake	-888033476
VikingCupcakeUncooked	-275311170
VikingShip	118230510
VikingShip_Ashlands	-811948769
VineAsh	-1986582442
VineAsh_sapling	11675191
VineGreen	-568067033
VineGreenSeeds	-1052907593
VineGreen_sapling	1723368422
Vineberry	-2114162550
VineberrySeeds	-1914201124
Voidplasm	853939451
Volture	-405903669
VoltureEgg	-1342501874
VoltureMeat	-340754114
Volture_ragdoll	-1878523909
WallSnow1	2089897352
WallSnow2	2089897349
WallSnow3	2089897350
WallSnow4	2089897355
WaterLiquid	1614819093
Wishbone	1219941843
Wisp	-1146623251
WitheredBone	1905991362
Wolf	1010961914
WolfClaw	745645583
WolfFang	-927843224
WolfHairBundle	-237951114
WolfJerky	-1029078359
WolfMeat	167698947
WolfMeatSkewer	-1653997440
WolfPelt	167698835
Wolf_Ragdoll	-113693526
Wolf_cub	-1969683915
Wolf_spiritcaller	1800493425
Wood	-151837501
Wraith	68955605
Writhan	-919079065
WrithanRoots	697599938
YagluthDrop	-609016745
YggaShoot1	2026655068
YggaShoot2	-702228287
YggaShoot3	863855654
YggaShoot_small1	-62980316
YggdrasilPorridge	-1850988268
YggdrasilRoot	2069500716
YggdrasilWood	1007457867
YmirRemains	176995072
_TerrainCompiler	-367065113
_ZoneCtrl	1703108136
_eventzone_boss_base	-40120423
ancient_skull	81702400
ancientbarkspear_projectile	-588675353
aoe_nova	391153472
arbalest_projectile_blackmetal	1310585661
arbalest_projectile_bloodgold	169758061
arbalest_projectile_bone	1463749101
arbalest_projectile_carapace	2053765929
arbalest_projectile_charred	-965947298
arbalest_projectile_iron	1477045621
artisan_ext1	1852862665
ashland_pot1_green	772011266
ashland_pot1_red	1762125542
ashland_pot2_green	1391001863
ashland_pot2_red	1116405303
ashland_pot3_green	1662279564
ashland_pot3_red	-1481770340
ashwood_arch_big	499263833
ashwood_arch_bottom	1315037798
ashwood_arch_top	-2108401664
ashwood_beam_1m	-332698626
ashwood_beam_2m	70585901
ashwood_bed	823420613
ashwood_deco_floor	-1593123332
ashwood_decowall_2x2	-1781600630
ashwood_decowall_divider	1536438203
ashwood_decowall_tree	1321774774
ashwood_door	-245309624
ashwood_floor_1x1	-281601339
ashwood_floor_2x2	-281601243
ashwood_halfwall_1x2	976661943
ashwood_pole_1m	-1233292549
ashwood_pole_2m	1495590806
ashwood_quarterwall_1x1	1248264999
ashwood_stair	1678513475
ashwood_wall_2x2	1924509191
ashwood_wall_arch	168049647
ashwood_wall_beam_26	372906951
ashwood_wall_beam_26_alt	-950351911
ashwood_wall_beam_45	-1193176984
ashwood_wall_beam_45_alt	-39209364
ashwood_wall_beam_67	1938990896
ashwood_wall_cross_26	304768544
ashwood_wall_cross_26_alt	-1836620120
ashwood_wall_cross_45	1111337595
ashwood_wall_cross_45_alt	1699602097
ashwood_wall_cross_67	-2020830285
ashwood_wall_roof_26	-216137440
ashwood_wall_roof_26_upsidedown	625637655
ashwood_wall_roof_45	187147093
ashwood_wall_roof_45_upsidedown	762420190
ashwood_wall_roof_67_a	12274827
ashwood_wall_roof_67_upsidedown	-573800234
asksvin_carrion	-990675028
asksvin_carrion2	-1979024078
aspect_Fader_Fissure_AOE	223125017
aspect_Fader_Flamebreath_AOE	2009634787
aspect_Fader_WallOfFire_AOE	-896272749
aspect_SeekerQueen_projectile_spit	451533929
aspect_aoe_explosion	-1088249338
aspect_aoe_nova	-1351790083
aspect_bonemass_aoe	-338676979
aspect_bonemass_throw_projectile	-2106454244
aspect_gdking_root_projectile	-1831340186
aspect_projectile_beam	-1719107626
bar_ancientmetal_stack	1838261536
bar_blackmetal_stack	-97430039
bar_bronze_stack	-1617535855
bar_copper_stack	507375190
bar_flametal_stack	-1113020955
bar_gold_stack	616126435
bar_iron_stack	1832122897
bar_silver_stack	-464902766
bar_tin_stack	452844536
barrell	2034747966
bat_melee	-1913972066
bed	-1273339005
bee_aoe	-1791758602
beech_log	837895808
beech_log_half	-624406308
bilebomb_explosion	976604240
bilebomb_projectile	-1458915510
bjorn_bite	-72692618
bjorn_claws	-1530429132
bjorn_swipe_combo	1779882859
bjorn_swipe_l	1590741015
bjorn_swipe_r	1590741005
blackforge	-250560308
blackforge_ext1	-797439003
blackforge_ext2_vise	-358052686
blackforge_ext3_metalcutter	104673382
blackforge_ext4_gemcutter	1850399833
blackforge_ext5_apron	-2144743972
blackmarble_1x1	-1195767551
blackmarble_2x1x1	-1161852937
blackmarble_2x2_enforced	-502993694
blackmarble_2x2x1	-1161852776
blackmarble_2x2x2	-1161852777
blackmarble_altar_crystal	-556080110
blackmarble_altar_crystal_broken	-750057646
blackmarble_arch	-1262523563
blackmarble_base_1	1745123876
blackmarble_base_2	1341839349
blackmarble_basecorner	232501507
blackmarble_column_1	262767717
blackmarble_column_2	-140516810
blackmarble_column_3	1425567131
blackmarble_creep_4x1x1	1341577551
blackmarble_creep_4x2x1	1341577584
blackmarble_creep_slope_inverted_1x1x2	285426183
blackmarble_creep_slope_inverted_2x2x1	-978646442
blackmarble_creep_stair	-822720420
blackmarble_floor	747145
blackmarble_floor_large	-640423049
blackmarble_floor_triangle	955526822
blackmarble_head01	-125049440
blackmarble_head02	-1691133381
blackmarble_head_big01	-613415933
blackmarble_head_big02	-1016700460
blackmarble_out_1	-1881176611
blackmarble_out_2	-1881176610
blackmarble_outcorner	2097111366
blackmarble_pile	592534089
blackmarble_post01	-1962134668
blackmarble_slope_1x2	547477602
blackmarble_slope_inverted_1x2	-2051475058
blackmarble_stair	1580391858
blackmarble_stair_corner	1280010482
blackmarble_stair_corner_left	1115581890
blackmarble_tile_floor_1x1	-473850883
blackmarble_tile_floor_2x2	991476509
blackmarble_tile_wall_1x1	298976879
blackmarble_tile_wall_2x2	298977039
blackmarble_tile_wall_2x4	298977045
blackmarble_tip	1082779386
blackwood_stack	459681025
blastfurnace	1048742812
blob_aoe	1122333731
blobtar_projectile_tarball	-1079891863
boar_ragdoll	832544534
bomb_lastboss_ice_explosion	-1689019250
bombdynamite_explosion	-765239245
bombdynamite_projectile	2044158919
bone_stack	1030887631
bonemass_aoe	-741676700
bonemass_throw_projectile	1289546541
bonfire	-999191493
bow_projectile	1261559868
bow_projectile_bloodgold	-1454863259
bow_projectile_bronze	530963517
bow_projectile_carapace	-1438008887
bow_projectile_charred	495563008
bow_projectile_fire	-1686607761
bow_projectile_flint	-1521618932
bow_projectile_frost	-755455001
bow_projectile_iron	-1236268379
bow_projectile_needle	-1829892894
bow_projectile_obsidian	181889736
bow_projectile_poison	752202755
bow_projectile_silver	53561528
bronzespear_projectile	2013693133
bucket	-29074708
cauldron_ext1_spice	-1284852450
cauldron_ext3_butchertable	-1932932113
cauldron_ext4_pots	1470713869
cauldron_ext5_mortarandpestle	250710815
cauldron_ext6_rollingpins	1758427888
cauldron_ext7_smoker	-775256361
caverock_ice_pillar_wall	-150393364
caverock_ice_stalagmite	-2053541920
caverock_ice_stalagmite_broken	-1349061296
caverock_ice_stalagmite_destruction	1935032255
caverock_ice_stalagtite	-494364525
caverock_ice_stalagtite_destruction	-691410382
caverock_ice_stalagtite_falling	-15162285
caverock_ice_wall_destruction	-481743960
charcoal_kiln	816862660
charred_bow	1804879894
charred_bow_Fader	-333531703
charred_bow_Fader_projectile	-1544139501
charred_bow_projectile	307230736
charred_bow_volley	-1283522298
charred_bow_volley_Fader	-2062909477
charred_bow_volley_Fader_projectile	-1829699303
charred_bow_volley_projectile	183141556
charred_dyrnwyn_greatsword_feint	771866541
charred_dyrnwyn_greatsword_swing	-610909483
charred_dyrnwyn_greatsword_thrust	-788341171
charred_dyrnwyn_greatsword_thrustfeint	450855077
charred_fader_greatsword_feint	-1843990068
charred_fader_greatsword_swing	1615939324
charred_fader_greatsword_thrust	316961636
charred_fader_greatsword_thrustfeint	-1427738378
charred_fireball_aoe	1103603291
charred_fireball_projectile	-1078922591
charred_greatsword_feint	1666562719
charred_greatsword_swing	340725955
charred_greatsword_thrust	-1757804581
charred_greatsword_thrustfeint	1219634943
charred_magestaff_fire	1443876123
charred_magestaff_summon	-1537096992
charred_shieldgenerator	1025009092
charred_twitcher_projectile	586523928
charred_twitcher_scratch_l	975502988
charred_twitcher_scratch_r	1782072042
charred_twitcher_throw	1638594227
chest_hildir1	-1640747999
chest_hildir2	-1640748002
chest_hildir3	-1640748001
cliff_ashlands1	-1661430002
cliff_ashlands1_frac	-1799127041
cliff_ashlands2	-1661429999
cliff_ashlands2_frac	-1799121796
cliff_ashlands3_Arch_1	624084809
cliff_ashlands4	-1661430005
cliff_ashlands4_frac	-1799123710
cliff_ashlands5	-1661430006
cliff_ashlands6	-1661430003
cliff_ashlands6_frac	-1799125888
cliff_ashlands7_HalfArch	-689057020
cliff_ashlands7_HalfArch_frac	843537037
cliff_ashlands8	-1661429993
cliff_ashlands_Arch_frac	1565293917
cliff_ashlandsflowrock_frac	-107866523
cliff_mistlands1	-154208029
cliff_mistlands1_creep	1350859097
cliff_mistlands1_creep_frac	-1580587000
cliff_mistlands1_frac	-1437351074
cliff_mistlands2	1411875912
cliff_mistlands2_frac	1049096569
cloth_hanging_door	-1049634774
cloth_hanging_door_double	-691115746
cloth_hanging_long	1773356668
coal_pile	1803366038
crypt_skeleton_chest	-1346322042
crystal_wall_1x1	650075310
cultivate	-1005613019
darkwood_arch	463424268
darkwood_beam	-840537217
darkwood_beam4x4	-791142009
darkwood_beam_26	-581430636
darkwood_beam_45	2147452713
darkwood_beam_67	984653301
darkwood_decowall	1429703979
darkwood_gate	1276642083
darkwood_pole	-1351226314
darkwood_pole4	-1211998438
darkwood_raven	1646817558
darkwood_roof	255263578
darkwood_roof_45	-1271098328
darkwood_roof_67	-108298912
darkwood_roof_icorner	-1737626015
darkwood_roof_icorner_45	740898699
darkwood_roof_icorner_67	-421900717
darkwood_roof_ocorner	-1737832933
darkwood_roof_ocorner_45	734070413
darkwood_roof_ocorner_67	-428728999
darkwood_roof_top	360656326
darkwood_roof_top_45	1645551772
darkwood_roof_top_67	-1486616108
darkwood_wolf	-403494760
dead_deer	1619070209
deepnorth_lantern_standing	-373806375
deer_ragdoll	-555931738
demister_ball	-1034606963
digg	-2000248195
digg_v2	-1544763428
dragon_ice_projectile	-1680081557
dragoneggcup	1178524842
draugr_arrow	1799389161
draugr_axe	-896645116
draugr_bow	-1488146288
draugr_bow_projectile	1671731874
draugr_sword	1986762565
dungeon_forestcrypt_door	-1481786749
dungeon_queen_door	2080330686
dungeon_sunkencrypt_irongate	-647334815
dungeon_sunkencrypt_irongate_rusty	1631935371
dverger_demister	-834617117
dverger_demister_broken	-508728573
dverger_demister_large	-411796343
dverger_demister_ruins	617126599
dverger_guardstone	-1176046110
dvergrprops_banner	-1896999675
dvergrprops_barrel	-1977294001
dvergrprops_bed	-1504935776
dvergrprops_chair	-489276534
dvergrprops_crate	-1255181328
dvergrprops_crate_ashlands	-55285267
dvergrprops_crate_long	-2055368539
dvergrprops_curtain	-268842449
dvergrprops_hooknchain	-617286971
dvergrprops_lantern	1842886963
dvergrprops_lantern_standing	1592482536
dvergrprops_pickaxe	52464828
dvergrprops_shelf	270255633
dvergrprops_stool	1883651752
dvergrprops_table	808046987
dvergrprops_wood_beam	-2068097986
dvergrprops_wood_floor	-461418815
dvergrprops_wood_pole	2038910655
dvergrprops_wood_stair	918842606
dvergrprops_wood_stake	-196902639
dvergrprops_wood_stakewall	872999015
dvergrprops_wood_wall	-185931429
dvergrtown_arch	912102389
dvergrtown_creep_door	-800886699
dvergrtown_secretdoor	1683665181
dvergrtown_slidingdoor	766620697
dvergrtown_stair_corner_wood_left	227217680
dvergrtown_wood_beam	1857996392
dvergrtown_wood_crane	1151373408
dvergrtown_wood_pole	-2073834717
dvergrtown_wood_stake	-213214859
dvergrtown_wood_stakewall	2008887427
dvergrtown_wood_support	747816726
dvergrtown_wood_wall01	775933644
dvergrtown_wood_wall02	-1952949711
dvergrtown_wood_wall03	-386865770
eikthyr_ragdoll	-82703974
eitrrefinery	731966626
elaking_trashpile	1071164548
elaking_trashpile_destruction	-465634267
eventzone_bonemass	-1796573617
eventzone_eikthyr	641614345
eventzone_fader	-1595012507
eventzone_gdking	-1815933211
eventzone_goblinking	-630804645
eventzone_moder	-264209140
eventzone_queen	-479547905
fader_bellholder	-1082793664
fallenvalkyrie_claws	1124614422
fallenvalkyrie_feather_projectile	790666231
fallenvalkyrie_poisonbreath_aoe	38986744
fallenvalkyrie_screech	-910963059
fallenvalkyrie_spin	-1265929658
fallenvalkyrie_spit_projectile	114558534
fallenvalkyrie_swoopattack	1524304126
fallenvalkyrie_taunt	-1291285738
fallenvalkyrie_wingspin	602801575
fenrirhide_hanging	388131667
fenrirhide_hanging_door	-1305303832
fermenter	-931391920
fire_pit	399713608
fire_pit_haldor	1536603853
fire_pit_hildir	730026087
fire_pit_iron	1462550139
flametal_gate	977911272
flint_pile	2072888774
flintspear_projectile	1600360364
flying_core	342810095
forge	-1530372843
forge_ext1	-18266612
forge_ext2	-421551139
forge_ext3	1144532802
forge_ext4	385017915
forge_ext5	1951101856
forge_ext6	1547817329
frozenship	-2027827654
frozenship02	806378384
frozenship03	-759705557
frysling_snowball_projectile	503517441
fuling_trap	-809550221
fuling_turret	-1294684802
fx_Abomination_arise	-863359251
fx_Abomination_arise_end	500888217
fx_Abomination_attack1	1753165102
fx_Abomination_attack1_start	-431820145
fx_Abomination_attack1_trailon	840131048
fx_Abomination_attack2	1349880575
fx_Abomination_attack2_lift	1651023775
fx_Abomination_attack2_start	-27091948
fx_Abomination_attack3	-1379002780
fx_Abomination_attack3_start	-812819815
fx_Abomination_attack_hit	1086573447
fx_Adrenaline1	1492408783
fx_ArmorStand_pick	-1668628040
fx_Bonemass_aoe_start	-132707708
fx_BonemawSerpent_Spit_Hit	-1288204738
fx_BonemawSerpent_poisonbreath	508816288
fx_BonusYield	1120080705
fx_CharredStone_Destruction	978022618
fx_CharredStone_Gibs	1548332621
fx_CinderFire_Burn	1542048280
fx_Cinder_hit	1570886190
fx_Cinder_storm_hit	955799024
fx_DvergerMage_Fire_hit	-129031101
fx_DvergerMage_Ice_hit	-240630674
fx_DvergerMage_MistileSpawn	-1741307523
fx_DvergerMage_Mistile_attack	1476940549
fx_DvergerMage_Mistile_die	149607269
fx_DvergerMage_Nova_ring	1696607086
fx_DvergerMage_Support_hit	-1381385898
fx_DvergerMage_Support_start	636683973
fx_Dverger_death	556448455
fx_Dverger_hit	50725268
fx_Eat	769103769
fx_Eat_Black	4048993
fx_Eat_Blue	1417885490
fx_Eat_Green	-246843307
fx_Eat_Orange	-749335500
fx_Eat_Red	1587395497
fx_Eat_Yellow	839853578
fx_ElakingMole_Sandcloud	-1974826177
fx_ElakingMole_Wakeup	12622595
fx_Fader_CorpseExplosion	440216847
fx_Fader_Fissure_Prespawn	-1783522240
fx_Fader_Ragdoll	-1704086827
fx_Fader_Roar	1895131984
fx_Fader_Roar_Projectile_Hit	-757573632
fx_Fader_Spin	-1902442164
fx_Fading_Bellfragment_Beam	-1933882866
fx_FallenValkyrie_projectile_explosion	-393475016
fx_FeastAshlandsEat	1720863128
fx_FeastBlackForestEat	-299096816
fx_FeastMeadowsEat	418982024
fx_FeastMistlandsEat	45454695
fx_FeastMountainsEat	439178866
fx_FeastOceansEat	54913301
fx_FeastPlainsEat	-800909727
fx_FeastSmall	-925775745
fx_FeastSwampsEat	573518231
fx_FeastTemplate	1936603110
fx_GP_Activation	1210376161
fx_GP_Player	-1064502302
fx_GP_Stone	-964066384
fx_GoblinShieldBreak	-29779998
fx_GoblinShieldHit	1378191352
fx_HildirChest_Unlock	-2139763419
fx_IceShelf_Damage	-1984906932
fx_Immobilize	-957886916
fx_JotunWitch_Death	-1555720115
fx_JotunWitch_Dodge	-2113721544
fx_JotunWitch_Flying	2034813630
fx_JotunWitch_LightningBolt_Explosion	-1121401350
fx_JotunWitch_LightningBolt_Trigger	1028681095
fx_JotunWitch_MagicBlast	729978814
fx_Lightning	-590558407
fx_Lightning_red	-1838197079
fx_Potion_fireresist	1500488963
fx_Potion_frostresist	-1445195853
fx_Puke	-1094090678
fx_QueenPierceGround	-1760540482
fx_Queen_Death	822590676
fx_RootAshlands	907463457
fx_ShieldCharge_1	533461008
fx_ShieldCharge_2	533461005
fx_ShieldCharge_3	533461006
fx_ShieldCharge_4	533461011
fx_ShieldCharge_5	533461012
fx_StaffShield_Break	-951090096
fx_StaffShield_Hit	412281882
fx_TickBloodHit	1335934803
fx_TrollUndead_Gibs	-1400632553
fx_UpgradeStation_Fail	1548866286
fx_UpgradeStation_Success	742772895
fx_WaterImpact_Big	350984073
fx_altar_charred_destruction	-2042236004
fx_altar_crystal_destruction	562073451
fx_ashvine_destruction	-510105900
fx_ashvine_leaf_puff	1948832954
fx_asksvin_pet	614676710
fx_asksvin_soothed	-1916669393
fx_asksvin_tamed	1778747208
fx_aspect_death	852091352
fx_babyseeker_death	2064722325
fx_babyseeker_hurt	-1897893742
fx_backstab	513540838
fx_bat_death	2112410193
fx_bat_hit	-1854382242
fx_batteringram_fire	457708792
fx_bjorn_death	1837230121
fx_bjorn_hit	-782931876
fx_blobLava_explosion	432766912
fx_blobtar_tarball_hit	2138920922
fx_bloodweapon_hit	-818860337
fx_boar_pet	1284548697
fx_candle_addfuel	-90524716
fx_candle_off	1598879022
fx_candle_on	-872590828
fx_chainlightning_hit	-2078712946
fx_chainlightning_spread	-336058622
fx_chainlightning_spread_red	-1757438242
fx_charred_death	-216983711
fx_charred_firestaff_chargeup	621153935
fx_charred_hit	-1490726722
fx_charred_summoned_death	72092514
fx_chicken_birth	1713303714
fx_chicken_death	786808599
fx_chicken_lay_egg	1503489357
fx_chicken_pet	-2055972266
fx_clusterbombstaff_hit	-755906027
fx_clusterbombstaff_splinter_hit	1665990405
fx_creature_tamed	1367755680
fx_crit	1083439213
fx_crystal_destruction	-1115480558
fx_deathsquito_hit	521449968
fx_deatsquito_death	-957960149
fx_dragon_land	1159596902
fx_drown	1358135697
fx_dynamite_explosion	830419154
fx_egg_splash	-1559239972
fx_eikthyr_forwardshockwave	96144440
fx_eikthyr_stomp	-311152809
fx_fader_meteor_hit	1914978954
fx_fader_meteorsmash	424000656
fx_fallenfalkyrie_spin	1145291653
fx_fallenvalkyrie_death	1373933277
fx_fallenvalkyrie_poisonbreath	-1503957939
fx_fenring_burning_hand	2109378052
fx_fenring_burning_hand_long	-2143321989
fx_fenring_flames	27262405
fx_fenring_frost	-135688039
fx_fenring_frost_hand	166067233
fx_fenring_frost_hand_aoestart	1525438001
fx_fenring_frost_hand_long	-2126406442
fx_fenring_icenova	1316841278
fx_fimbulvinter_meteor_hit	631884831
fx_fireball_staff_explosion	978263589
fx_fireskeleton_nova	1896402249
fx_flametalnode_destruction	421821362
fx_float_hitwater	1054502638
fx_float_nibble	-1790688672
fx_frostfoundry_addfuel	-243015930
fx_frostfoundry_additem	173564803
fx_frozenking_aspectspawn	1991949568
fx_frozenking_chain_fury	1193353641
fx_frozenking_chain_fury_ascending	1940264918
fx_frozenking_chain_ground_impact_1	-2076009657
fx_frozenking_chain_ground_impact_2	-2076009654
fx_frozenking_chain_rush	339729793
fx_frozenking_chain_rush_impact	-706739784
fx_frozenking_punch_aoe	-581517273
fx_frozenking_spikerain_hit	-529824887
fx_frozenking_spikerain_summoning	-1913775113
fx_frozenking_spikesmash	-446338937
fx_frozenking_spin	-1956201065
fx_frozenking_tendrils_summoning	-1632556638
fx_frozenking_tendrilspawn	294289298
fx_gdking_rootspawn	727170115
fx_gjall_death	-98943274
fx_gjall_egg_splat	673467202
fx_gjall_taunt	304272980
fx_goblinbrute_groundslam	-1070004643
fx_goblinking_beam_hit	917183013
fx_goblinking_death	-1899360684
fx_goblinking_hit	1274496653
fx_goblinking_meteor_hit	-882794760
fx_goblinking_nova	977083296
fx_greenroots_projectile_hit	-2131627929
fx_guardstone_activate	504146489
fx_guardstone_deactivate	-854606842
fx_guardstone_permitted_add	-842656812
fx_guardstone_permitted_removed	763516691
fx_hare_death	-2038752798
fx_hen_death	-904156699
fx_hen_love	-1454256847
fx_himminafl_aoe	1958096728
fx_himminafl_hit	116336006
fx_hottub_addwood	168056958
fx_icefloor_destruction	-1417255809
fx_iceshard_hit	547029702
fx_iceshard_launch	-617943502
fx_icicle_destruction	-469159059
fx_jelly_pickup	-722558772
fx_jotunbane_hit	-2021885435
fx_jotunbane_swing	-217769200
fx_lavabomb_explosion	118280423
fx_leviathanLava_leave	2066019067
fx_leviathanLava_reaction	1392225545
fx_leviathan_leave	1907076913
fx_leviathan_reaction	-1908485725
fx_lightningstaffprojectile_hit	-719697548
fx_lightningweapon_hit	1192802473
fx_lox_death	-1556292783
fx_lox_hit	-13297202
fx_lox_pet	504556970
fx_lox_tamed	-117748084
fx_loxcalf_death	1238354849
fx_moose_birth	15760236
fx_moose_death	574795489
fx_moose_hit	729311444
fx_morgen_death	-934919036
fx_morgen_hit	-2080803941
fx_morgen_roll	-2015096757
fx_morgen_swipe	-962057952
fx_natureweapon_hit	-697259636
fx_oven_add_food	463296512
fx_oven_add_wood	463297073
fx_oven_produce	-1157562916
fx_perfectdodge	-211976425
fx_pheromonebomb_explode	1032921632
fx_radiation_hit	2010899246
fx_redlightning_burst	1534983339
fx_redlightning_launch	-787751028
fx_refinery_addfuel	-232765807
fx_refinery_addtissue	1721144258
fx_refinery_destroyed	1805728041
fx_refinery_produce	-320069762
fx_seeker_death	-921279507
fx_seeker_hurt	-1243786294
fx_seeker_melee_hit	-137185637
fx_seeker_spawn	516948170
fx_seekerbrute_death	1416166045
fx_shaman_fireball_expl	1140086335
fx_shaman_protect	-430233955
fx_shield_start	-989584787
fx_shield_start_frost	1963699370
fx_shieldgenerator_attack	-298936870
fx_shieldgenerator_domehit	-1847873962
fx_siegebomb_explosion	1642420224
fx_skeleton_pet	2004573612
fx_sledge_demolisher_hit	624080642
fx_stone_L_destroyed	-900525651
fx_stone_R_destroyed	987966627
fx_summon_skeleton	-1063035972
fx_summon_skeleton_spawn	-741750904
fx_summon_spirit_spawn	1128618718
fx_summon_start	99167765
fx_summon_troll	-989723330
fx_summon_twitcher_spawn	1657629399
fx_sw_addflax	778331988
fx_sw_produce	26707384
fx_tar_bubbles	-293996892
fx_tendril_death	1908793790
fx_tentaroot_death	-1301911090
fx_tick_death	621146823
fx_tombstone_destroyed	-612587032
fx_totem_destroyed	-550679782
fx_trap_arm	-779606389
fx_trap_trigger	470924985
fx_troll_love	1505264711
fx_turret_addammo	-896000907
fx_turret_fire	-328764516
fx_turret_newtarget	1118601191
fx_turret_notarget	1881957582
fx_turret_reload	-36239653
fx_turret_warmup	-434429456
fx_unbjorn_death	1094240738
fx_unbjorn_hit	327323055
fx_unstablelavarock_explosion	888919242
fx_vinegreen_destruction	-694742033
fx_vines_hit	1213446712
fx_wolf_pet	287754685
fx_writhan_explosion	-1413999100
gd_king	-2101309657
gdking_Ragdoll	-811560274
gdking_root_projectile	696105667
giant_arm	-1566278426
giant_brain	-1337230376
giant_brain_frac	1854887461
giant_helmet1	1217240684
giant_helmet1_destruction	-54060277
giant_helmet2	1217240681
giant_helmet2_destruction	-709355702
giant_ribs	-960615190
giant_ribs_frac	-1590213047
giant_skull	-1505268321
giant_skull_frac	-1348490946
giant_sword1	-1493410116
giant_sword1_destruction	-60725897
giant_sword2	72673825
giant_sword2_destruction	619420902
gjall_egg_projectile	-2008396786
gjall_spit_projectile	713085343
goblin_banner	2045908432
goblin_bed	-1998259239
goblin_fence	950265897
goblin_pole	133115456
goblin_pole_small	440394388
goblin_roof_45d	654372746
goblin_roof_45d_corner	-696037094
goblin_roof_cap	842587907
goblin_stairs	-1788665696
goblin_stepladder	70596228
goblin_strawpile	-1298279079
goblin_totempole	-164406293
goblin_trashpile	1488432680
goblin_trashpile_destruction	-1731885789
goblin_woodwall_1m	-216645858
goblin_woodwall_2m	-216645857
goblin_woodwall_2m_ribs	2020886964
goblinking_totemholder	-1299706766
goldvein	-281712150
goldvein_frac	1656985641
grausten_pile	-1660100902
guard_stone	-1024209535
guard_stone_test	783188550
hanging_hairstrands	-1418004192
hatchling_cold_projectile	-835209289
hearth	656210618
highstone	-1383558263
highstone_2	1970299078
highstone_2_frac	1089668657
highstone_frac	-1305625596
hive_throw_projectile	-695630227
horizontal_web	193150005
ice1	1017608796
ice_rock1	343637466
ice_rock1_frac	1448015437
incinerator	-1876813566
iron_floor_1x1	-1904833886
iron_floor_1x1_v2	918289113
iron_floor_2x2	-479912446
iron_grate	-2019670596
iron_wall_1x1	424208618
iron_wall_1x1_rusty	-936723344
iron_wall_2x2	424208778
itemstand	-1235119491
itemstandh	1822362821
jute_carpet	-1313065786
jute_carpet_blue	321998505
lavabomb_explosion	1723831024
lavabomb_projectile	-550115798
lavabomb_rock1	993449171
lavarock_ashlands1	2136704895
lightningAOE	-1940000293
loot_chest_stone	-323903440
loot_chest_wood	143869018
loot_deepNorth_Granary	-113091537
loot_deepNorth_TimberHall	-663387685
lox_ragdoll	886454387
lox_ribs	-1181455604
lox_stomp_aoe_OLD	433303229
loxcalf_ragdoll	128389279
marker01	-1738390869
marker02	-1335106342
metalbar_1x2	-400101552
mistvolume	-1863961073
morgenhole_pile	1757809681
morkhalla_web_corner	-792715360
morkhalla_web_horisontal	591261476
morkhalla_web_tunnel	1295452587
mountainkit_chair	-1770394629
mountainkit_table	972026940
mud_road	463677683
mudpile	-165023748
mudpile2	1756993846
mudpile2_frac	-47303797
mudpile_beacon	-42517997
mudpile_frac	-1189190447
mudpile_old	-1480591642
obsidian_pile	836592568
odin	1313230286
offeraltar_FrozenKing_bossroom	-2022808683
oozebomb_explosion	-551548701
oozebomb_projectile	-272518761
path	-1919693987
paved_road	456394941
piece_ArcheryTarget	-1252856128
piece_CelebrationGarland	-41399318
piece_Charred_Balista	-1869503815
piece_EternalPyre	-316796204
piece_FaderEmbers	-1356623613
piece_FairylightGarland	-1443747635
piece_FrostFoundry	-623389066
piece_FrostKiln	-1777295747
piece_Lavalantern	-628387079
piece_MeadCauldron	1708414500
piece_TrainingDummy	-871470687
piece_artisanstation	1642546285
piece_asksvinskeleton	437601075
piece_banner01	420204856
piece_banner02	823489383
piece_banner03	-742594558
piece_banner04	16920329
piece_banner05	-1549163612
piece_banner06	-1145879085
piece_banner07	1583004270
piece_banner08	-1952448139
piece_banner09	776435216
piece_banner10	1986288798
piece_banner11	420204857
piece_barber	122965861
piece_bathtub	2109981969
piece_bed02	2024210682
piece_beehive	28120085
piece_bench01	-2122807554
piece_bench_runed	1933004934
piece_birdnest	-155118860
piece_blackmarble_bench	-909098104
piece_blackmarble_table	1705458814
piece_blackmarble_throne	-2139837784
piece_blackwood_bench	1390249608
piece_blackwood_bench01	770978985
piece_bone_throne	-2104079778
piece_brazierceiling01	997718274
piece_brazierfloor01	-1758232271
piece_brazierfloor02	2133450498
piece_cartographytable	-164515435
piece_cauldron	-1652490355
piece_chair	-637414342
piece_chair02	-1717421956
piece_chair03	-1717421957
piece_chair_runed	1275111859
piece_chest	-1443983522
piece_chest_barrel	-1029249879
piece_chest_blackmetal	1417076401
piece_chest_grausten	-1210383676
piece_chest_private	698259470
piece_chest_treasure	-475222070
piece_chest_warderobe	2009412434
piece_chest_wood	328745978
piece_cloth_hanging_door	-1046192253
piece_cloth_hanging_door_blue	124607798
piece_cloth_hanging_door_blue2	1074246236
piece_cookingstation	1430888227
piece_cookingstation_iron	778038248
piece_drawbridge	1964214298
piece_drawbridge_log	345365581
piece_dvergr_lantern	1765483382
piece_dvergr_lantern_pole	463374813
piece_dvergr_metal_wall_2x2	-957080763
piece_dvergr_pole	1212932712
piece_dvergr_sharpstakes	-193320087
piece_dvergr_spiralstair	1904537040
piece_dvergr_spiralstair_right	1347147117
piece_dvergr_stake_wall	-2144306477
piece_dvergr_wood_door	394713400
piece_dvergr_wood_wall	985956632
piece_gift1	-1181865690
piece_gift2	-1181865689
piece_gift3	-1181865688
piece_grausten_roof_45	777162921
piece_grausten_roof_45_arch	-1061148390
piece_grausten_roof_45_arch_corner	-1124378182
piece_grausten_roof_45_arch_corner2	-1137956792
piece_grausten_roof_45_corner	-220578671
piece_grausten_roof_45_corner2	-312847305
piece_grausten_stonestair	-888115219
piece_groundtorch	261914232
piece_groundtorch_blue	1441955863
piece_groundtorch_green	-1296288316
piece_groundtorch_mist	-1575901004
piece_groundtorch_wood	1744483228
piece_hexagonal_door	1861643587
piece_hoodedlantern	-1906199978
piece_icecube	-1550627901
piece_jackoturnip	232336033
piece_logbench01	-1214978310
piece_magetable	-832507735
piece_magetable_ext	-799092397
piece_magetable_ext2	1302205337
piece_magetable_ext3	-1426678018
piece_magetable_ext4	-1829962545
piece_maypole	-780564436
piece_mistletoe	1816215321
piece_moose_throne	-1801819153
piece_oven	2024246663
piece_pot1	162798999
piece_pot1_cracked	-109797335
piece_pot1_red	554864195
piece_pot2	-1403284942
piece_pot2_cracked	656024442
piece_pot2_red	1200584434
piece_pot3	1325598413
piece_pot3_cracked	1415327327
piece_pot3_red	1281654669
piece_preptable	1840852078
piece_sapcollector	-2013355542
piece_sharpstakes	1059480620
piece_shieldgenerator	1611969521
piece_snowlantern	-1680860122
piece_spinningwheel	411883698
piece_stakewall_blackwood	-1755799944
piece_stonecutter	-34430377
piece_table	915094071
piece_table_oak	-1159820015
piece_table_round	441267892
piece_table_runed	-311339688
piece_table_runed_small	165530812
piece_throne01	743791676
piece_throne02	340507149
piece_trap_troll	1294771866
piece_turret	-816396091
piece_walltorch	1038085717
piece_wisplure	1469046252
piece_workbench	-958010034
piece_workbench_ext1	1017582937
piece_workbench_ext2	1420867464
piece_workbench_ext3	-145216477
piece_workbench_ext4	614298410
piece_xmascrown	1544093477
piece_xmasgarland	1114342237
piece_xmastree	-1443700678
placeable_bigrock_01	834892525
placeable_bigrock_02	-731191416
portal	-1495166496
portal_stone	1854482458
portal_wood	-661882940
projectile_FimbulvinterMeteor	1051328997
projectile_ashlandmeteor	-1335426213
projectile_ashlandmeteor2	1632033609
projectile_beam	-225359483
projectile_chitinharpoon	-570735290
projectile_lavaRock	-206628935
projectile_meteor	286479006
projectile_meteor_fader	-1997223339
projectile_spikes_frozenking	171227707
projectile_splitner	123147689
projectile_splitner_blood	1504573300
projectile_splitner_lightning	-1734268810
projectile_splitner_nature	1415231759
projectile_wolffang	-870216900
prop_FeastAshlands	-1173037971
prop_FeastMeadows	585116397
prop_Tankard	907821109
prop_ashwood_bed	-1861534365
prop_bed02	-183603601
prop_bonfire	-1720433151
prop_cauldron_ext1_spice	-1299760184
prop_cauldron_ext3_butchertable	383188517
prop_cauldron_ext5_mortarandpestle	-2091071147
prop_cauldron_ext6_rollingpins	1298321486
prop_chest_warderobe	-1006745617
prop_forge_ext2	722290491
prop_forge_ext5	722290498
prop_hearth	-31591620
prop_itemstand	-1294051465
prop_itemstand_TrophyDraugrElite	1575002696
prop_itemstand_TrophyGoblinBrute	172744537
prop_itemstand_TrophyGoblinShaman	1685732761
prop_itemstand_TrophyGreydwarf	-1822859241
prop_itemstand_TrophyGreydwarfBrute	-1386691669
prop_itemstand_TrophySeekerBrute	-724166941
prop_piece_MeadCauldron	87730046
prop_piece_bench_runed	-1746988912
prop_piece_brazierfloor01	-1293201821
prop_piece_cauldron	-881058541
prop_piece_chair03	2035312869
prop_piece_cookingstation	1432260529
prop_piece_workbench_ext1	-982639545
prop_piece_workbench_ext2	-982639542
prop_piece_workbench_ext3	-982639543
prop_piece_workbench_ext4	-982639548
prop_preptable	333213551
prop_wood_stack	575089610
radiation	2065490179
raise	-1685068370
replant	-2120318468
rock1_mistlands	1606082792
rock1_mountain	-1396233392
rock1_mountain_frac	-496513311
rock2_heath	-1865631054
rock2_heath_frac	-1268964283
rock2_mountain	-1397136109
rock2_mountain_frac	1422273664
rock3_ice	-1473932452
rock3_ice_frac	-420778293
rock3_mountain	-1398465710
rock3_mountain_1	1948895010
rock3_mountain_1_frac	1323884657
rock3_mountain_frac	884909855
rock3_silver	297427804
rock3_silver_frac	-990678761
rock4_ashlands_frac	-820118935
rock4_bigrock_frac	-2032417074
rock4_coast	-790658592
rock4_coast_frac	1039259597
rock4_copper	-1552092171
rock4_copper_frac	912150108
rock4_forest	1707947207
rock4_forest_frac	1082202028
rock4_heath	-1865985940
rock4_heath_frac	-1655434869
rock_mistlands1	1499269640
rock_mistlands1_frac	33020421
rock_mistlands2	1499269639
rockformation1	1524190963
root07	144829813
root08	-258454714
root11	951398868
root12	548114341
rug_Bjorn	-1718719738
rug_asksvin	-535447840
rug_bogwitch_deer	-1317563639
rug_bogwitch_fur	1183883792
rug_bogwitch_wolf	994739193
rug_deer	1761585513
rug_fur	1569410630
rug_hare	1472612417
rug_moose	586722166
rug_seal	-658122144
rug_straw	-1194194392
rug_wolf	-698527959
sapling_Kale	1832276704
sapling_barley	967280542
sapling_carrot	1780505228
sapling_flax	1079411440
sapling_jotunpuffs	-989751415
sapling_magecap	1585193021
sapling_oat	-1485256085
sapling_onion	-364092232
sapling_poteitr	-1206138022
sapling_seedcarrot	219934075
sapling_seedkale	-1607480987
sapling_seedonion	-1390589197
sapling_seedturnip	-1250573360
sapling_turnip	310026689
scale_halfwall_1x2	-1361887850
scale_quarterwall_1x1	1753656480
scale_wall_2x2	499201990
scale_wall_roof_26	-470825463
scale_wall_roof_26_flipped	1890506462
scale_wall_roof_26_upsidedown	-484051392
scale_wall_roof_26_upsidedown_flipped	-1625515141
scale_wall_roof_45	-67540938
scale_wall_roof_45_flipped	-2035366735
scale_wall_roof_45_upsidedown	-1462920193
scale_wall_roof_45_upsidedown_flipped	124726634
scale_wall_roof_67	1095258474
scale_wall_roof_67_flipped	-782423427
scale_wall_roof_67_upsidedown	1495818231
scale_wall_roof_67_upsidedown_flipped	-643994382
seal_pup_ragdoll	-1922464531
seal_ragdoll	680055139
sfx_Abomination_Attack2_slam_whoosh	-472153373
sfx_Abomination_attack	318619260
sfx_Abomination_swing	85954002
sfx_Bonemass_Hit	980760610
sfx_Bonemass_alert	1294883521
sfx_Bonemass_death	2046458303
sfx_Bonemass_idle	-491656505
sfx_DraugrSpawn	-1626280682
sfx_FireAddFuel	-544513927
sfx_Frost_Start	919660713
sfx_GoblinShaman_alerted	324164379
sfx_GoblinShaman_death	-1202814254
sfx_GoblinShaman_fireball_launch	-512484755
sfx_GoblinShaman_hurt	-840257425
sfx_GoblinShaman_idle	1888625450
sfx_GuckSackDestroyed	1741169793
sfx_GuckSackHit	-233871765
sfx_HiveQueen_acitspit	-427360716
sfx_HiveQueen_alerted	-115049582
sfx_HiveQueen_backslam	747352637
sfx_HiveQueen_bite	169548283
sfx_HiveQueen_burrow	-1850504928
sfx_HiveQueen_callout	55346721
sfx_HiveQueen_doubleslash	-297293675
sfx_HiveQueen_idle	1722335429
sfx_HiveQueen_move	1856591514
sfx_HiveQueen_pierce	-1200378047
sfx_HiveQueen_rush	-764886347
sfx_HiveQueen_slash	369873936
sfx_HiveQueen_slashcombo	-1819784222
sfx_HiveQueen_spitimpact	400225113
sfx_HiveQueen_turn	-1927685696
sfx_MeadBurp	1571728298
sfx_MudDestroyed	821843025
sfx_MudHit	1067687063
sfx_OpenPortal	732280816
sfx_Poison_Start	-719076567
sfx_Potion_eitr_minor	-332886724
sfx_Potion_fireresist_Start	-2037636801
sfx_Potion_frostresist_Start	-343832221
sfx_Potion_health_Start	679702861
sfx_Potion_health_large	861580176
sfx_Potion_health_medium	-477618694
sfx_Potion_health_minor	-1947863526
sfx_Potion_stamina_Start	513203996
sfx_Potion_stamina_Start_lingering	-1880311490
sfx_Potion_stamina_Start_medium	-2058822514
sfx_ProjectileHit	933664922
sfx_Puke_female	-326315518
sfx_Puke_male	-90428465
sfx_StaffLightning_charge	-1201975171
sfx_StaffLightning_fire	873235551
sfx_UndeadBurn_Start	406146685
sfx_WishbonePing_closer	-1045975014
sfx_WishbonePing_far	-1698132249
sfx_WishbonePing_further	-937629098
sfx_WishbonePing_med	1534792178
sfx_WishbonePing_near	393316638
sfx_abomination_arise_end	685765232
sfx_arbalest_fire	-349627309
sfx_archery_target_hit	-618247266
sfx_arrow_hit	2116918345
sfx_asksvin_alert	-1490600272
sfx_asksvin_bite	492511560
sfx_asksvin_death	-502474216
sfx_asksvin_footstep	-1490674740
sfx_asksvin_idle	-1611113072
sfx_asksvin_pounce	-1354562816
sfx_atgeir_attack	-9823443
sfx_atgeir_attack_secondary	1119253240
sfx_axe_flint_hit	-1785312200
sfx_axe_hit	1674650800
sfx_axe_swing	1525903873
sfx_babyseal_idle	90306282
sfx_barley_hit	2017903409
sfx_barnacle_destroyed	-287013000
sfx_bat_alerted	-1056847255
sfx_bat_attack	1641770234
sfx_bat_idle	-1204919892
sfx_battering_ram_anticipation	-646778915
sfx_battleaxe_hit	-282875050
sfx_battleaxe_swing_start	-445258974
sfx_battleaxe_swing_wosh	1475499163
sfx_bear_bite_attack	-1281365644
sfx_bear_bite_attack_impact	-1442501107
sfx_bear_claw_attack	969788551
sfx_bear_claw_attack slash	739890458
sfx_bear_death	783890209
sfx_bear_footstep	2082145201
sfx_bear_hurt	2010004584
sfx_bear_idle	181798905
sfx_beehive_destroyed	1742233836
sfx_beehive_hit	1096880206
sfx_blobLava_explosion	1991198713
sfx_blob_alerted	1632142469
sfx_blob_attack	148104278
sfx_blob_death	-1615338232
sfx_blob_hit	1859362075
sfx_blob_idle	442506800
sfx_blob_jump	139978274
sfx_bloblava_alert	-1200601630
sfx_bloblava_death	-452316558
sfx_bloblava_grow	870469861
sfx_bloblava_idle	1912309050
sfx_bloblava_jump	1609781804
sfx_blobtar_attack_spit	-1602192272
sfx_blobtar_idle	679310017
sfx_boar_alerted	1128738514
sfx_boar_attack	2121021919
sfx_boar_birth	-287580596
sfx_boar_death	1768214527
sfx_boar_hit	-2014915412
sfx_boar_idle	601266887
sfx_boar_love	-2013304865
sfx_bogwitch_creak	-1161547082
sfx_bogwitch_greet	-1240550673
sfx_bogwitch_random	-1462162163
sfx_bogwitch_trade	1815318480
sfx_bomb_throw	185328793
sfx_bombdynamite_drop	-613376171
sfx_bombdynamite_explosion	1719174077
sfx_bomblava_crumble	1834069719
sfx_bomblava_fail	1631108191
sfx_bomblava_rocks	-349799969
sfx_bonemaw_serpent_alert	-743770702
sfx_bonemaw_serpent_bite	185997502
sfx_bonemaw_serpent_death	-2081226858
sfx_bonemaw_serpent_spit	-1433529766
sfx_bonemaw_serpent_spit_hit	734636168
sfx_bonepile_destroyed	-1605529788
sfx_bones_pick	-643696903
sfx_bow_draw	-1901670101
sfx_bow_fire	-1888631953
sfx_bow_fire_silent	-2097698275
sfx_bowl_AddItem	-1515693285
sfx_branch_break	1883158518
sfx_branch_hit	-740817316
sfx_build_cultivator	1257287840
sfx_build_hammer_crystal	-1278010020
sfx_build_hammer_default	2097750009
sfx_build_hammer_ice	-1003545531
sfx_build_hammer_metal	280157711
sfx_build_hammer_stone	-1311934539
sfx_build_hammer_wood	-2011991903
sfx_build_hoe	-699454731
sfx_bush_hit	-1065983654
sfx_carrion_destroyed	-438709036
sfx_cart_hit	227256914
sfx_catapult_ammo_load	-244595954
sfx_catapult_charge	132947965
sfx_catapult_legs_down	-1856785145
sfx_catapult_legs_up	-1500948554
sfx_catapult_place_item	-40937556
sfx_catapult_shoot	1094586374
sfx_charred_alert	940788660
sfx_charred_archer_bow_draw	1991349003
sfx_charred_archer_bow_release	939435176
sfx_charred_archer_volley_draw	-877566190
sfx_charred_archer_volley_release	865300453
sfx_charred_death	-396667208
sfx_charred_hurt	-1944414863
sfx_charred_idle	-398275568
sfx_charred_mage_alert	1794317145
sfx_charred_mage_attack_charge	-653058214
sfx_charred_mage_attack_shoot	-1913511289
sfx_charred_mage_spawn_staff	-766326475
sfx_charred_melee_attack_lift	-1018400547
sfx_charred_melee_attack_stab	-2127498516
sfx_charred_melee_attack_swing	-1409422610
sfx_charred_spawner_destroy	-1886277181
sfx_charred_twitcher_alert	-402748695
sfx_charred_twitcher_attack	730581695
sfx_charred_twitcher_death	-377963657
sfx_charred_twitcher_hurt	-1267252934
sfx_charred_twitcher_idle	298831295
sfx_charred_twitcher_summoned_alert	-1357464596
sfx_charred_twitcher_throw	475727613
sfx_charred_twitcher_throw_impact	139239012
sfx_chest_close	-72591688
sfx_chest_open	-1129500684
sfx_chick_hurt	1569470562
sfx_chicken_death	1145854360
sfx_chicken_eat	-333526740
sfx_chicken_footstep	1332483512
sfx_chicken_hurt	-1310422729
sfx_chicken_idle_vocal	151773982
sfx_chicken_idle_wingflap	1875429571
sfx_cinder_rain_hit	2065491376
sfx_claw_swing	296086892
sfx_clay_pot_break	-686059339
sfx_club_hit	1859348788
sfx_club_swing	180601353
sfx_coins_destroyed	956240876
sfx_coins_pile_destroyed	-1890597475
sfx_coins_pile_placed	-1022715103
sfx_coins_placed	1987656624
sfx_cooking_station_burnt	1597637767
sfx_cooking_station_done	-1771031886
sfx_cooking_station_take	-440219305
sfx_creature_consume	-331212374
sfx_crow_death	-442618672
sfx_deathsquito_attack	1259899960
sfx_deepnorth_gate_activate	1143530255
sfx_deepnorth_gate_close_loop	1193365239
sfx_deepnorth_gate_open_loop	-1231254503
sfx_deer_alerted	-357044922
sfx_deer_death	786261919
sfx_deer_idle	184170615
sfx_demister_start	-163199496
sfx_dodge	2120243119
sfx_dragon_alerted	-812720353
sfx_dragon_coldball_explode	-2106959121
sfx_dragon_coldball_launch	448545629
sfx_dragon_coldball_start	-626665322
sfx_dragon_coldbreath_start	2128287383
sfx_dragon_coldbreath_trailon	-238966068
sfx_dragon_death	1090343548
sfx_dragon_hurt	-891344597
sfx_dragon_idle	-1650858748
sfx_dragon_melee_hit	-1804404888
sfx_dragon_melee_start	1936230299
sfx_dragon_scream	1061380211
sfx_dragonegg_destroy	52560671
sfx_draugr_alerted	1448680921
sfx_draugr_death	-1989076202
sfx_draugr_hit	-112770717
sfx_draugr_idle	-419194450
sfx_draugrpile_destroyed	-1876585691
sfx_draugrpile_hit	-920114813
sfx_drink	843131976
sfx_dverger_ball_start	1027054650
sfx_dverger_fireball_rain_shot	-1476164013
sfx_dverger_fireball_rain_start	-2007471813
sfx_dverger_footsteps	1029945383
sfx_dverger_heal_finish	145545524
sfx_dverger_heal_start	1623111531
sfx_dverger_heavyattack_launch	-441567607
sfx_dverger_ice_aoe_start	-2138868324
sfx_dverger_ice_projectile_start	1851626712
sfx_dverger_staff_baseattack_foley	-490299558
sfx_dverger_staff_kolvattack_foley	1587788081
sfx_dverger_staff_poke_foley	-1780822866
sfx_dverger_vo_alerted	1577646117
sfx_dverger_vo_attack	1236880372
sfx_dverger_vo_death	801550882
sfx_dverger_vo_hurt	133703909
sfx_dverger_vo_idle	987327610
sfx_eat	-1371474352
sfx_eikthyr_alert	-1120079577
sfx_eikthyr_death	-138843163
sfx_eikthyr_hit	789326860
sfx_eikthyr_idle	-1976095907
sfx_elaking_alerted	1478583461
sfx_elaking_alerted_old	-2007300507
sfx_elaking_attack_claw	1113909156
sfx_elaking_attack_claw_impact	-1932661343
sfx_elaking_attack_jump	771234343
sfx_elaking_attack_jump_impact	-828424298
sfx_elaking_death	57218736
sfx_elaking_death_old	480028554
sfx_elaking_hit	1072262023
sfx_elaking_hit_old	-1047416381
sfx_elaking_idle	1967986008
sfx_elaking_idle_old	639051186
sfx_equip	1387578946
sfx_equip_start	1204475865
sfx_equip_vibration_only	-1591761954
sfx_fader_bell	1080775478
sfx_fader_bite_pre	1616619067
sfx_fader_bite_snarl	892523412
sfx_fader_claw_pre	-1282958210
sfx_fader_claw_swipe	876240691
sfx_fader_death_explosion	792511059
sfx_fader_death_start	1643732928
sfx_fader_firebreath_in	1770557061
sfx_fader_firebreath_out	1214965194
sfx_fader_firewall_fireburst	-889604654
sfx_fader_firewall_start	1924404360
sfx_fader_fissure	1214074822
sfx_fader_fissure_footimpact	2011316295
sfx_fader_fissure_footslide	-1862032388
sfx_fader_idle	-1433040103
sfx_fader_spawn_meteor_ambience	425888012
sfx_fader_spawn_meteor_arrival	-489349787
sfx_fader_spawn_meteor_impact	-820060986
sfx_fader_spin	-175874239
sfx_fader_taunt	-1828414573
sfx_fallenvalkyrie_alert	-203891388
sfx_fallenvalkyrie_attack	119997998
sfx_fallenvalkyrie_attack_claw	-1719709320
sfx_fallenvalkyrie_attack_spin_charge	317834080
sfx_fallenvalkyrie_attack_spin_release	2045652327
sfx_fallenvalkyrie_attack_spit_charge	1221140162
sfx_fallenvalkyrie_attack_spit_projectile	340702425
sfx_fallenvalkyrie_attack_spit_projectile_impact	-1499090540
sfx_fallenvalkyrie_attack_spit_vocal	1325027919
sfx_fallenvalkyrie_death	483784496
sfx_fallenvalkyrie_idle	-345982376
sfx_fallenvalkyrie_screech	-441474569
sfx_fallenvalkyrie_taunt	793029230
sfx_fallenvalkyrie_wingflap	1832667634
sfx_fallenwarrior_attack	531804979
sfx_fallenwarrior_attack_impact	238075942
sfx_fallenwarrior_death	-1048848365
sfx_fallenwarrior_hurt	36069558
sfx_fallenwarrior_idle	1582208907
sfx_feast_destroyed	1135616875
sfx_fenring_alerted	-1862261727
sfx_fenring_claw_hit	342632397
sfx_fenring_claw_start	1227596662
sfx_fenring_claw_trailstart	590949502
sfx_fenring_death	726801436
sfx_fenring_fireclaw	-780440161
sfx_fenring_howl	-1210864460
sfx_fenring_idle	536788148
sfx_fenring_jump_start	-2025415501
sfx_fenring_jump_trailstart	42596973
sfx_fenring_jump_trigger	-227508653
sfx_fermenter_add	-1504196720
sfx_fermenter_tap	-1907481662
sfx_firestaff_launch	-91247242
sfx_firework_explode	1828036487
sfx_fishingrod_linebreak	769769393
sfx_fishingrod_swing	1243570260
sfx_fist_metal_blocked	1977532003
sfx_frostfoundry_activate	850024197
sfx_frostfoundry_deactivate	-1293528716
sfx_frozenking_attackmelee_double_chain	542466806
sfx_frozenking_attackmelee_double_impact	-2018748777
sfx_frozenking_attackmelee_double_whoosh_follow	-668392521
sfx_frozenking_attackmelee_double_whoosh_lead	-586097886
sfx_frozenking_attackmelee_single_chainback	337815900
sfx_frozenking_attackmelee_single_charge	-1275618294
sfx_frozenking_attackmelee_single_impact	-172121608
sfx_frozenking_attackmelee_single_whsh	332647390
sfx_frozenking_chainflurry_chain	-998567515
sfx_frozenking_chainflurry_coldvortex	-1891566652
sfx_frozenking_chainflurry_fly	1675064075
sfx_frozenking_chainflurry_start	1871151742
sfx_frozenking_charge_chainback	-738226041
sfx_frozenking_charge_doublehookup	1847388066
sfx_frozenking_charge_start	1660580425
sfx_frozenking_charge_whoosh	1316403729
sfx_frozenking_death_crystal_break	-1003029651
sfx_frozenking_death_crystal_sequence	-1008312947
sfx_frozenking_death_p3_sequence	368621378
sfx_frozenking_doubleslam_explosion	-2040967192
sfx_frozenking_frozenspark_whip	-61104874
sfx_frozenking_frozentwirl_charge	-334427657
sfx_frozenking_frozentwirl_coldvortex	-169228273
sfx_frozenking_frozentwirl_tornado	-108387642
sfx_frozenking_frozentwirl_wind	-509089735
sfx_frozenking_idle_breath	249370163
sfx_frozenking_idle_chained	681427427
sfx_frozenking_intro_chainpressure	387144341
sfx_frozenking_intro_icepillar_left_break	-1783049874
sfx_frozenking_intro_icepillar_right_break	378350759
sfx_frozenking_intro_rise	52500762
sfx_frozenking_punchaoe_chain_end	-1513531567
sfx_frozenking_punchaoe_chain_start	1378271602
sfx_frozenking_punchaoe_debris	384551699
sfx_frozenking_punchaoe_punch_first	1367871329
sfx_frozenking_punchaoe_punch_second	2130407051
sfx_frozenking_punchaoe_punch_third	-1502197942
sfx_frozenking_punchaoe_whoosh_punch	-1975833729
sfx_frozenking_punchaoe_whoosh_start	-1384591073
sfx_frozenking_spikerain_chain	-508725682
sfx_frozenking_spikerain_explosion	1822108716
sfx_frozenking_spikerain_flyby	1049676595
sfx_frozenking_spikerain_iceceiling	426683083
sfx_frozenking_spikerain_shards	-150817848
sfx_frozenking_spirit_death	1216682608
sfx_frozenking_spirit_summon	-643418267
sfx_frozenking_tendril_attack	369077135
sfx_frozenking_tendril_death	-1891388017
sfx_frozenking_tendril_grow	970137154
sfx_frozenking_tendril_summon	-1365862786
sfx_frozenking_turn	1510466237
sfx_frozenking_voice_attack	731743917
sfx_frozenking_voice_scream	470446886
sfx_gameltroll_death	-1371907838
sfx_gameltroll_hurt	-710220591
sfx_gameltroll_idle	2112770554
sfx_gameltroll_melee_attack	-222640999
sfx_gameltroll_melee_attack_Impact	737835284
sfx_gameltroll_stomp_attack	-1995706566
sfx_gameltroll_stomp_attack_impact	-1123249435
sfx_gameltroll_stoneturn_death	192007707
sfx_gameltroll_throw_attack	84884375
sfx_gameltroll_throw_attack_impact	-546834752
sfx_gdking_alert	-1849978965
sfx_gdking_death	286111049
sfx_gdking_idle	603150001
sfx_gdking_punch	-371166203
sfx_gdking_rock_destroyed	-2047078594
sfx_gdking_scream	-669580346
sfx_gdking_shoot_start	1621948229
sfx_gdking_shoot_trigger	-1858890103
sfx_gdking_spawn	-2000700602
sfx_gdking_stomp	-1268036788
sfx_ghost_alert	-1797734528
sfx_ghost_attack	-698369758
sfx_ghost_attack_hit	1668762708
sfx_ghost_death	-1293429652
sfx_ghost_hurt	62237157
sfx_ghost_idle	122846068
sfx_ghosts_death	-2083089447
sfx_ghosts_footstep	-1772171095
sfx_ghosts_hurt	-1812930062
sfx_ghosts_idle	15275361
sfx_ghosts_melee_attack	-2139518358
sfx_ghosts_melee_attack_impact	-1959543941
sfx_gjall_alerted	-232314874
sfx_gjall_attack_shake	-1948064278
sfx_gjall_attack_tick_drop	-192269159
sfx_gjall_death	-1919066995
sfx_gjall_idle_blowout	862501002
sfx_gjall_idle_shiver	1279745369
sfx_gjall_idle_vocals	794354548
sfx_gjall_spit	2119395747
sfx_gjall_spit_fx	572773820
sfx_gjall_spit_impact	1357883520
sfx_gjall_tick_drop	-1372830262
sfx_glowworm_pickup	-1211430499
sfx_goblin_alerted	957066015
sfx_goblin_death	-1484016104
sfx_goblin_hit	92356725
sfx_goblin_idle	298715040
sfx_goblinbrute_alerted	209539363
sfx_goblinbrute_clubhit	-436006683
sfx_goblinbrute_clubswing	-790848394
sfx_goblinbrute_death	1813676922
sfx_goblinbrute_hit	-1694032143
sfx_goblinking_beam	1731195420
sfx_goblinking_taunt	363874217
sfx_grapplinghook_detach	1953131305
sfx_grapplinghook_fire	748795118
sfx_grapplinghook_hit	1030566831
sfx_grapplinghook_reload	-574007745
sfx_grapplinghook_repel	-216808560
sfx_greydwarf_alerted	869677353
sfx_greydwarf_attack	1675311800
sfx_greydwarf_attack_hit	-1632421286
sfx_greydwarf_death	-1447958386
sfx_greydwarf_deepnorth_death	-315519912
sfx_greydwarf_deepnorth_verse_attack	-1673781308
sfx_greydwarf_elite_alerted	1560640839
sfx_greydwarf_elite_attack	-1245172204
sfx_greydwarf_elite_death	-1424600366
sfx_greydwarf_elite_idle	-272788038
sfx_greydwarf_hit	768797863
sfx_greydwarf_idle	518810534
sfx_greydwarf_shaman_attack	698141549
sfx_greydwarf_shaman_heal	-921150635
sfx_greydwarf_stone_hit	-1806562545
sfx_greydwarf_throw	-1038008944
sfx_greydwarfnest_destroyed	-2107531651
sfx_greydwarfnest_hit	1009431615
sfx_greyling_alerted	36140811
sfx_greyling_attack	-309914534
sfx_greyling_death	-160017500
sfx_greyling_hit	933333521
sfx_greyling_idle	-1568237828
sfx_gui_craftitem	362390805
sfx_gui_craftitem_cauldron	1448794450
sfx_gui_craftitem_cauldron_end	-1871015160
sfx_gui_craftitem_end	-1488968663
sfx_gui_craftitem_forge	-1252768741
sfx_gui_craftitem_forge_end	-1845774265
sfx_gui_craftitem_workbench	443759629
sfx_gui_craftitem_workbench_end	879403129
sfx_gui_repairitem_forge	-1701226344
sfx_gui_repairitem_workbench	922799634
sfx_haldor_greet	35942974
sfx_haldor_laugh	-1346573826
sfx_haldor_yea	-111516482
sfx_hare_alerted	-590252532
sfx_hare_death_vocal	766344711
sfx_hare_idle	1121438395
sfx_hare_idle_eating	-1705482
sfx_hatchling_alerted	1199232568
sfx_hatchling_coldball_explode	-1823965796
sfx_hatchling_coldball_launch	-1782709912
sfx_hatchling_coldball_start	1547577083
sfx_hatchling_death	-558295565
sfx_hatchling_idle	-11215269
sfx_hatcling_hurt	-2057165472
sfx_hit	-1015244101
sfx_hit_vibration_only	-1269735539
sfx_ice_destroyed	1212214977
sfx_ice_hit	1099069099
sfx_icestaff_start	-958668374
sfx_imp_alerted	-228445012
sfx_imp_death	518456693
sfx_imp_fireball_explode	232946994
sfx_imp_fireball_launch	-310863970
sfx_imp_hit	1565498190
sfx_jotunwarrior_Idle	2082967021
sfx_jotunwarrior_attack1	1059899326
sfx_jotunwarrior_attack2	656614799
sfx_jotunwarrior_death	2109513365
sfx_jotunwarrior_hurt	100559974
sfx_jotunwarrior_impact_flesh	-1383942056
sfx_jotunwarrior_impact_ground	2023822969
sfx_jotunwitch_Idle	989914610
sfx_jotunwitch_attackball	1150553121
sfx_jotunwitch_attackball_impact	2018381468
sfx_jotunwitch_attackblast	1508408070
sfx_jotunwitch_attackbuildup	-1678063731
sfx_jotunwitch_death	-631866150
sfx_jotunwitch_dodge	-967893749
sfx_jotunwitch_flight	273650246
sfx_jotunwitch_hurt	-1086600003
sfx_jump	-1081772602
sfx_jump_vibration_only	-115058842
sfx_kiln_addore	512263924
sfx_kiln_produce	-664898105
sfx_knife_swing	21597614
sfx_kromsword_swing	-1364851665
sfx_kvastur_death	419668313
sfx_land	484569737
sfx_land_water	988384127
sfx_leech_alerted	-1181261327
sfx_leech_attack	1501365952
sfx_leech_attack_hit	-2045834926
sfx_leech_death	1479879878
sfx_leech_hit	578078319
sfx_leech_idle	102110366
sfx_lootspawn	2020511185
sfx_lox_alerted	-1863847711
sfx_lox_attack_bite	468474163
sfx_lox_attack_stomp	-145504576
sfx_lox_shout	2072191495
sfx_loxcalf_alerted	-469793791
sfx_malicious_ice_break	-272572888
sfx_metal_blocked	1124696762
sfx_metal_blocked_overlay	-1760283719
sfx_metal_shield_blocked	-1772608940
sfx_metal_shield_blocked_overlay	-840864991
sfx_metalbars_break	765098521
sfx_metalbars_hit	178195211
sfx_mill_add	2057247232
sfx_mill_produce	-1118938029
sfx_moleman_alert	775120426
sfx_moleman_attack	899135304
sfx_moleman_death	-206113570
sfx_moleman_footsteps	896726387
sfx_moleman_hurt	7469731
sfx_moleman_idle	-93545194
sfx_moleman_spawn	-31174821
sfx_moleman_stonedust	-277042995
sfx_moose_alert	1929627326
sfx_moose_attack_melee	-938068999
sfx_moose_attack_melee_hit	-220548365
sfx_moose_attack_melee_movement	521474101
sfx_moose_attack_melee_whoosh	1959543190
sfx_moose_calf_verse	1676168524
sfx_moose_death	874494250
sfx_moose_death_explode	1485894112
sfx_moose_hurt	-1997652375
sfx_moose_idle	-1896637470
sfx_morgen_alert	-411817177
sfx_morgen_attack	294664817
sfx_morgen_death	-436601427
sfx_morgen_idle	-51253819
sfx_morgen_roll_jump	-139784891
sfx_morgen_roll_land	-58973056
sfx_morgen_slap	1057584639
sfx_morgen_slap_delayed	1820325296
sfx_morgen_spawn	-1691837302
sfx_morkhalla_gate_open_end	1562187376
sfx_morkhalla_gate_open_start	-404239887
sfx_morkhalla_gate_slide	-1191907803
sfx_neck_alerted	952841829
sfx_neck_attack	43892854
sfx_neck_attack_hit	-2127668968
sfx_neck_death	-1277955800
sfx_neck_hit	654439419
sfx_neck_idle	-775797488
sfx_obliterator_close	1274852592
sfx_obliterator_open	-682457896
sfx_offering	-1982248368
sfx_oozebomb_explode	-1817721841
sfx_oven_burnt	-1005547168
sfx_oven_done	-1547861929
sfx_oven_take	307453894
sfx_perfect_dodge	653141455
sfx_perfectblock	-937050156
sfx_pickable_pick	309311199
sfx_pickaxe_hit	1303862709
sfx_pickaxe_hit_vibration_only	-1516314185
sfx_pickaxe_swing	-2079789852
sfx_prespawn	482237526
sfx_prespawnLastBossGate	-313253700
sfx_prespawn_fader	-431650319
sfx_prespawn_fader_vibration_only	-1616190321
sfx_prespawn_vibration_only	973407290
sfx_reload_done	1969967132
sfx_reload_dverger_done	-1326462186
sfx_reload_dverger_start	-525378698
sfx_reload_start	-320719252
sfx_rock_destroyed	443205179
sfx_rock_hit	1659574845
sfx_rock_wall_crumble	475248711
sfx_rooster_idle	-345161545
sfx_seal_alert	1863945014
sfx_seal_death	-1021722486
sfx_seal_idle	1977041906
sfx_secretfound	1862739074
sfx_serpent_alerted	-1937784263
sfx_serpent_attack	1720244614
sfx_serpent_attack_hit	-53659712
sfx_serpent_attack_trigger	1664749613
sfx_serpent_death	664835072
sfx_serpent_hurt	1296799745
sfx_serpent_idle	-1452028264
sfx_serpent_taunt	-1775091842
sfx_shieldgenerator_hit	7162394
sfx_shieldgenerator_refuel	-752129140
sfx_shieldgenerator_shutdown	958833645
sfx_shieldgenerator_startup	1389494822
sfx_ship_destroyed	-1123631012
sfx_ship_impact	108601737
sfx_ship_sailposition_change_vibration_only	1076904780
sfx_silvermace_hit	101705497
sfx_skeleton_alerted	-779148385
sfx_skeleton_attack	1471010406
sfx_skeleton_basic_attack_melee	-480504414
sfx_skeleton_basic_death	-514852831
sfx_skeleton_basic_verse_attack	-332810431
sfx_skeleton_basic_verse_idle	-1176439899
sfx_skeleton_big_alerted	-946127216
sfx_skeleton_big_death	-2047632425
sfx_skeleton_death	-632309576
sfx_skeleton_frozen_attack_melee	-931606870
sfx_skeleton_frozen_death	-1683560427
sfx_skeleton_frozen_verse_attack	-630316395
sfx_skeleton_frozen_verse_idle	2129512561
sfx_skeleton_hildir_attack_melee	-1045922328
sfx_skeleton_hildir_attack_skill	-1377490013
sfx_skeleton_hildir_death	-1753055703
sfx_skeleton_hildir_verse_attack	-2047033831
sfx_skeleton_hildir_verse_idle	-811965603
sfx_skeleton_hit	1166104533
sfx_skeleton_idle	-199334624
sfx_skeleton_mace_hit	-134414446
sfx_skeleton_poison_attack_melee	-1950378032
sfx_skeleton_poison_death	1163880943
sfx_skeleton_poison_verse_attack	-1792019805
sfx_skeleton_poison_verse_idle	792784411
sfx_skeleton_rise	782154305
sfx_skeleton_swamp_attack_melee	-449980188
sfx_skeleton_swamp_death	1304146911
sfx_skeleton_swamp_verse_attack	365649443
sfx_skeleton_swamp_verse_idle	-381106685
sfx_skull_summon_skeleton	1137816861
sfx_sledge_hit	1234819210
sfx_sledge_iron_hit	1218133189
sfx_sledge_swing	1025052565
sfx_smelter_add	-1187773206
sfx_smelter_produce	455267851
sfx_snow_hit_debris	59663085
sfx_snow_hit_transient	1962361286
sfx_spawn	1622864505
sfx_spawn_vibration_only	-285674657
sfx_spear_flint_hit	-98825973
sfx_spear_hit	-639458691
sfx_spear_poke	1418593097
sfx_spear_throw	-433840220
sfx_staff_elder_burst	-96024078
sfx_staff_elder_cast	-232447725
sfx_staff_elder_grow	2026152395
sfx_staff_elder_root_hit	379798210
sfx_staff_elder_root_swing	568028567
sfx_staff_grenade_cast	-182018149
sfx_staff_lightning_charge	-402594562
sfx_staff_lightning_fire	1889958574
sfx_staff_trollstav_troll_impact	1695396105
sfx_stafffrostorbs_cast	-565251642
sfx_stafffrostorbs_shield_spawn	307349672
sfx_stafforbofahri_cast	1548779842
sfx_stafforbofahri_explosion	-1562420736
sfx_staffspiritcaller_cast	478868244
sfx_staffspiritcaller_summon	1662444120
sfx_staffthunderblood_cast	1416136208
sfx_staffthunderblood_thunder	-1508556507
sfx_stonegolem_alerted	-1300399715
sfx_stonegolem_attack_hit	-56190528
sfx_stonegolem_attack_wosh	-573443490
sfx_stonegolem_death	-625942156
sfx_stonegolem_hurt	1697953989
sfx_stonegolem_idle	299883260
sfx_stonegolem_primary_start	-122588711
sfx_stonegolem_second_start	1405284141
sfx_stonegolem_spikeattack_trailon	1969679954
sfx_stonegolem_wakeup	252173315
sfx_sword_hit	-908234027
sfx_sword_swing	805484646
sfx_tentaroot_attack	1547379821
sfx_tick_alerted	-235098033
sfx_tick_attack_drain	-224115537
sfx_tick_attack_jump	1623629049
sfx_tick_hurt	-1349701893
sfx_tick_idle	1735411342
sfx_torch_swing	-761428885
sfx_trainingdummy_alert	258365195
sfx_trainingdummy_heavy_attack	508037113
sfx_trainingdummy_heavy_attack impact	-1419288621
sfx_trainingdummy_idle	1630222681
sfx_trainingdummy_light_attack	-726356856
sfx_trainingdummy_light_attack impact	1514650110
sfx_trainingdummy_stagger	-745169724
sfx_trainingdummy_throw	775980967
sfx_trainingdummy_throw_impact	967167494
sfx_treasurechest_destroyed	1141039220
sfx_tree_fall	-1874475854
sfx_tree_fall_abomination	-1256552928
sfx_tree_fall_hit	990991588
sfx_tree_hit	724468252
sfx_tree_hit_abomination	1701579258
sfx_troll_alerted	1062930251
sfx_troll_attack_hit	236295284
sfx_troll_attacking	-524195358
sfx_troll_death	1550152080
sfx_troll_hit	-919278487
sfx_troll_idle	2138806728
sfx_troll_rock_destroyed	108229521
sfx_trollfire_attack_club_impact	-1791090394
sfx_trollfire_attack_club_swing_down	1724880377
sfx_trollfire_attack_club_swing_up	1021365442
sfx_trollfire_attack_slam_impact	-45946319
sfx_trollfire_attack_slam_start	410791719
sfx_trollfire_attack_slap_impact	-47172892
sfx_trollfire_attack_slap_start	409573106
sfx_trollfire_attack_slap_swing	-1512740916
sfx_trollfire_attack_throw	1005011993
sfx_trollfire_death	-307062160
sfx_trollfire_idle	1656978360
sfx_trollfire_roar	-1085460374
sfx_ulv_death	-971560874
sfx_unarmed_blocked	-161316095
sfx_unarmed_hit	1606312494
sfx_unarmed_swing	715807293
sfx_unbjorn_bite_attack	2131019482
sfx_unbjorn_bite_attack_impact	1346774845
sfx_unbjorn_claw_attack	-376049005
sfx_unbjorn_claw_attack_slash	64382553
sfx_unbjorn_death	1132045225
sfx_unbjorn_footstep	-1884036519
sfx_unbjorn_hurt	-1046067482
sfx_unbjorn_idle	-945052607
sfx_unstablerock_explosion	480027419
sfx_vulture_alert	2026053306
sfx_vulture_attack_claw	713239282
sfx_vulture_death	-1213789138
sfx_vulture_eat_bite	1078378861
sfx_vulture_eat_break	-453750806
sfx_vulture_eat_swallow	-814619490
sfx_vulture_footstep	-939764378
sfx_vulture_idle	-5725898
sfx_vulture_wing_flap	1349000507
sfx_weapons_nature_root	-2067743252
sfx_wolf_alerted	-960574442
sfx_wolf_attack	523244451
sfx_wolf_attack_hit	163230065
sfx_wolf_birth	-1174064648
sfx_wolf_death	-1803198157
sfx_wolf_hit	-1555397680
sfx_wolf_love	912084459
sfx_wood_blocked	-602397748
sfx_wood_blocked_overlay	-576574677
sfx_wood_break	102817
sfx_wood_destroyed	-1560241923
sfx_wood_hit	-1717541353
sfx_woosh_scythe	1313462557
sfx_wraith_alerted	-1928641073
sfx_wraith_attack	711249930
sfx_wraith_attack_hit	965283228
sfx_wraith_death	-1778014004
sfx_wraith_hit	901120601
sfx_wraith_idle	944718372
sfx_writhan_bite	-256548376
sfx_writhan_bite_attack	-1783117737
sfx_writhan_bite_attack_impact	129314904
sfx_writhan_death_charge	-1216993721
sfx_writhan_death_explosion	-438357904
sfx_writhan_fizz	1759874141
sfx_writhan_idle	2129401484
sfx_writhan_step	1565008832
sfx_writhan_verse_attack	-907718016
sfx_writhan_verse_death	1923872134
shaman_attack_aoe	1961161115
shaman_attack_aoe_frozen	1648085972
shaman_heal_aoe	1063409303
shaman_heal_aoe_frozen	-1490700402
shieldgenerator_attack	-1230668409
ship_construction	-1245442852
shipwreck_karve_bottomboards	121363955
shipwreck_karve_bow	-2111136205
shipwreck_karve_chest	-759801912
shipwreck_karve_dragonhead	1103509118
shipwreck_karve_stern	-1183306829
shipwreck_karve_sternpost	-849022257
shipwreck_vikingship_chest	-1628199103
shipwreck_vikingship_front	1650487009
shipwreck_vikingship_frontpiece	-1589792061
shipwreck_vikingship_mast1	-254465420
shipwreck_vikingship_rear	-1753872638
shrub_2	-1779355401
shrub_2_heath	-199539902
siege_wall_1x1	1159076519
siegebomb_explosion	-2060224539
siegebomb_projectile	1191680629
sign	1084866395
sign_notext	1316803472
silvervein	1611466255
silvervein_frac	65008322
skeleton_bow	-955026550
skeleton_bow2	-591647588
skeleton_bow_meadows	2073660561
skeleton_bow_mountains	358132927
skeleton_bow_swamps	1353017642
skeleton_firenova_aoe	-199016396
skeleton_hildir_firenova	848761693
skeleton_mace	598002992
skeleton_mace_DeepNorth	-868034662
skeleton_sword	141245155
skeleton_sword2	-752145615
skeleton_sword_hildir	2044153060
skeleton_sword_meadows	-1245482758
skeleton_sword_mountains	494780832
skeleton_sword_swamps	1784349407
skull_pile	-523302552
sledge_aoe	-8548736
smelter	900941850
smokebomb_explosion	-516448493
smokebomb_projectile	-1252858681
snowball_projectile	-620104546
snowballbig_projectile	1137281408
spiritbjorn_bite	733947547
spiritbjorn_claws	-179651633
spiritbjorn_swipe_combo	591906928
spiritbjorn_swipe_l	1997388162
spiritbjorn_swipe_r	1997388180
staff_FrostOrbs_aoe	-1964060147
staff_FrostOrbs_projectile	-1952989621
staff_OrbofAhri_aoe	1118686925
staff_OrbofAhri_projectile	1545578751
staff_OrbofAhri_projectile_return	1572699642
staff_clusterbombstaff_projectile	1906035469
staff_clusterbombstaff_splinter_projectile	447262021
staff_fireball_projectile	2115010970
staff_greenroots_projectile	2008937773
staff_greenroots_tentaroot	-1131644886
staff_greenroots_tentaroot_attack	-1087359017
staff_iceshard_projectile	1548540202
staff_lightning_projectile	-2096937113
staff_redtroll_aoe	-599137345
staff_shield_aoe	-1506685424
staff_skeleton_projectile	-1006706824
staff_thunderblood_aoe	-950858797
staff_thunderblood_projectile	1534678893
stake_wall	13326225
stave_beam_26	314501666
stave_beam_2m	314501709
stave_beam_45	-848297745
stave_beam_4m	-848297705
stave_beam_67	-2011097161
stave_deco_beam_26	-1943585080
stave_deco_beam_2m	-1916733889
stave_deco_beam_45	-1540300547
stave_deco_beam_67	-377501135
stave_deco_pole_2m	1962138718
stave_deco_wall_2x2	-702062643
stave_gate	-2006986419
stave_pole_2m	-1817641892
stave_pole_4m	-1011072838
stave_wall_2x2	1957545751
stave_wall_cross_26	-963914186
stave_wall_cross_45	-157345133
stave_wall_cross_67	1005454283
stone_arch	-542996224
stone_fence	1478421295
stone_floor	1135745654
stone_floor_2x2	2048610715
stone_pile	-1094350308
stone_pillar	-1747173676
stone_stair	389771597
stone_wall_1x1	-1764426495
stone_wall_1x1_ruin	271482034
stone_wall_2x1	-1623263994
stone_wall_2x1_ruin	-1500301459
stone_wall_4x2	-2066954473
stone_wall_ruin	-1524812815
stone_wall_ruin_2	-513312994
stoneblock_fracture	-714671739
stonechest	-1478464920
stonegolem_attack1_spike	-1408658120
stonewall_2	-809934838
stonewall_3	-809934839
stubbe	595427151
stubbe_deepnorth	347870911
stubbe_spawner	1515889972
sunken_crypt_gate	-339866909
tarlump1	-1406277430
tarlump1_frac	2137671655
tendril_attack	-1211978573
tentaroot_attack	2038061211
tolroko_flyer	-1028130263
trader_wagon_destructable	316161168
treasure_pile	-2052101304
treasure_stack	-109499528
troll_groundslam_aoe	1705853408
troll_log_swing_h	724671782
troll_log_swing_v	724671788
troll_summoned_groundslam_aoe	78708729
troll_summoned_log_swing_h	1471238775
troll_summoned_log_swing_v	1921577469
troll_summoned_throw_projectile	-1114768881
troll_throw_projectile	-1742068936
trollsnow_groundslam_aoe	-1422994331
trollsnow_throw_projectile	-1168258325
tunnel_web	1473935011
turf_roof	-174377588
turf_roof_top	-1994750376
turf_roof_wall	-2117703061
unbjorn_bite	1714122885
unbjorn_claws	65234645
unbjorn_swipe_combo	-923734326
unbjorn_swipe_l	968020356
unbjorn_swipe_r	968020386
veg_skull_Ashlands	344626859
vertical_web	547607065
vfx_ carrion_destroyed	1809303053
vfx_ArcheryTarget_hit	-1007926976
vfx_AshPieceDestroyed	516018372
vfx_Ash_Arch2_Broken1_destroyed	-498403247
vfx_Ash_Arch2_Broken2_destroyed	-691427538
vfx_Ashpiece_roof_destroyed	-2012157532
vfx_Ashruin_steepstair_destroyed	1229956656
vfx_Ashruin_wall3_destroyed	-929881517
vfx_Ashruin_wall4_destroyed	-819588808
vfx_Ashruin_wall5_destroyed	-856633063
vfx_Ashruin_window2_destroyed	594017038
vfx_Ashruin_window3_destroyed	327186989
vfx_Ashruin_window4_destroyed	373157068
vfx_Ashruin_window5_destroyed	410201323
vfx_Ashruin_window6_destroyed	446962826
vfx_BigBlob_destroyed	-783371388
vfx_BloodDeath	1874304749
vfx_BloodHit	-512952038
vfx_BombBlob_explode_frost	252250057
vfx_BombBlob_explode_lava	-916064261
vfx_BombBlob_explode_morkhalla	1203288946
vfx_BombBlob_explode_poison	158924377
vfx_BombBlob_explode_poisonelite	-814351570
vfx_BombBlob_explode_tar	121120182
vfx_BonemassDeath	-1941020771
vfx_BonemassHit	-1564202362
vfx_BugRepellent	1186211450
vfx_Burning	-404786718
vfx_Burning_blue	-329405923
vfx_Burning_green	-415043714
vfx_CharredBanner1_destroyed	2113433077
vfx_CharredBanner2_destroyed	2053689126
vfx_CharredBanner3_destroyed	-1269109269
vfx_CoalDestroyed	-1724176891
vfx_CoalHit	1378946595
vfx_Cold	121256471
vfx_ColdBall_Hit	1008503002
vfx_ColdBall_launch	1718661266
vfx_Damaged_Karve	-1049460462
vfx_Damaged_Raft	884897364
vfx_Damaged_VikingShip	-2045988123
vfx_Destroyed_AshlandsShip	-2053470865
vfx_Destroyed_Karve	168794906
vfx_Destroyed_Raft	-2044113848
vfx_Destroyed_VikingShip	1181203005
vfx_Destroyed_VikingShip_frozen	-128972710
vfx_DraugrSpawn	-1452023749
vfx_FallenWarrior_death	-1378752392
vfx_FallenWarrior_hit	33171023
vfx_FernAshlands_destroyed	-58250568
vfx_FernAshlands_puff	-1824942930
vfx_FireAddFuel	-59626026
vfx_FireWork_BlackCore	46415561
vfx_FireWork_SurtlingCore	1462857022
vfx_FireWork_ThunderStone	-1461453252
vfx_FireballHit	-1734590895
vfx_Firework_Rocket	-1369744779
vfx_Firework_Rocket_Blue	1320355888
vfx_Firework_Rocket_Cyan	-635716097
vfx_Firework_Rocket_Green	1416779361
vfx_Firework_Rocket_Purple	-1148639722
vfx_Firework_Rocket_Red	-922498619
vfx_Firework_Rocket_Yellow	-221034124
vfx_FlameBall_launch	127336021
vfx_ForgeAddFuel	1337401413
vfx_Freezing	982281717
vfx_Frost	-990890393
vfx_FrostOrbs	-452376313
vfx_GiantMetal_destroyed	-749809465
vfx_GoblinShield	354834569
vfx_GodExplosion	-811131418
vfx_GraustenDestroyed	-792077467
vfx_GraustenDestroyed_large	-459269561
vfx_GuckSackDestroyed	-1900611834
vfx_GuckSackHit	-285005240
vfx_GuckSackSmall_Destroyed	-502557894
vfx_Harpooned	281556695
vfx_HealthUpgrade	528844679
vfx_HearthAddFuel	713592094
vfx_HitSparks	1969967266
vfx_HoleSpawner_destruction	717570724
vfx_HoleSpawner_double_destruction	600335302
vfx_ImpDeath	-1147224145
vfx_LastBossGate_destroyed	-347035489
vfx_LightFoot	1739920819
vfx_MarbleDestroyed	1799120133
vfx_MarbleHit	1251606243
vfx_MeadBzerker	-1738341335
vfx_MeadHasty	2045969357
vfx_MeadSplash	-993136993
vfx_MeadStrength	-614152213
vfx_MeadSwimmer	-1157979572
vfx_MeadTamer	-1395370551
vfx_MorkhallaStatueDestroyed	1356133057
vfx_MudDestroyed	1067466478
vfx_MudHit	1061837716
vfx_Place_HildirClothesRack	-149707318
vfx_Place_HildirFabricRoll	-1095034367
vfx_Place_HildirTableClothes	-1449576503
vfx_Place_Karve	-1990881174
vfx_Place_Raft	98119528
vfx_Place_VikingShip	485939669
vfx_Place_bed	-1132904122
vfx_Place_beehive	-1425267801
vfx_Place_brazierceiling01	-188774892
vfx_Place_cart	98119083
vfx_Place_cauldron	-1835506573
vfx_Place_charcoalkiln	793204114
vfx_Place_chest	233679104
vfx_Place_cookingstation_iron	2095980090
vfx_Place_darkwood_gate	-414032288
vfx_Place_digg	1247363526
vfx_Place_forge	-882071934
vfx_Place_mud_road	-986664346
vfx_Place_oven	-1931600359
vfx_Place_portal	1833898339
vfx_Place_raise	-1587639081
vfx_Place_refinery	-13607197
vfx_Place_replant	-148711009
vfx_Place_smallitem	1214614237
vfx_Place_smelter	-844306953
vfx_Place_spinningwheel	2083408048
vfx_Place_stone_floor	2082355887
vfx_Place_stone_floor_2x2	-17539746
vfx_Place_stone_wall_2x1	460429117
vfx_Place_stone_wall_4x2	1179538052
vfx_Place_throne02	-869703693
vfx_Place_turret	-1979681737
vfx_Place_windmill	470607579
vfx_Place_wood_beam	1407536740
vfx_Place_wood_floor	-752405273
vfx_Place_wood_pole	298697721
vfx_Place_wood_roof	177738195
vfx_Place_wood_stair	-2070887160
vfx_Place_wood_wall	1804172929
vfx_Place_wood_wall_half	-1695999899
vfx_Place_wood_wall_roof	-849025734
vfx_Place_workbench	1112160676
vfx_Poison	1225290243
vfx_Potion_eitr_minor	-1778433855
vfx_Potion_health_medium	-1239285227
vfx_Potion_stamina_medium	1971950416
vfx_ProjectileHit	1252888223
vfx_RockDestroyed	395694737
vfx_RockDestroyed_Obsidian	-871962805
vfx_RockDestroyed_large	-631382181
vfx_RockDestroyed_marble	145745747
vfx_RockHit	-730764453
vfx_RockHit_Marble	24110301
vfx_RockHit_Obsidian	661975945
vfx_SawDust	-1195108480
vfx_SawDust_Ashlands	1449517077
vfx_SawDust_abomination	1575895354
vfx_ShadowPerson_death	-1251255889
vfx_ShadowPerson_hit	1648684572
vfx_Slimed	-728978671
vfx_Smoked	-1730929208
vfx_StaffShield	1967588846
vfx_StaminaUpgrade	-1295196504
vfx_Tared	1314778849
vfx_TrainingDummy_destruction	-1658059644
vfx_TrainingDummy_hit	1837673845
vfx_TrollFrost_Death	-60565395
vfx_TrollPheromones	1438980592
vfx_UndeadBurn	-146689421
vfx_WaterImpact_Karve	1612136656
vfx_WaterImpact_Raft	-837489954
vfx_WaterImpact_VikingShip	2135074485
vfx_Wet	953948517
vfx_WishbonePing	1002622938
vfx_arbalest_fire	2034696918
vfx_archerytarget_bullseye	649818616
vfx_archerytarget_bullseye_double	764854000
vfx_archerytarget_bullseye_quint	1599688024
vfx_arrowhit	-1733578089
vfx_ashland_gate_destruction	-1522335833
vfx_ashland_ruin_wall_windows_broken_4x6_destruction	1550490032
vfx_ashland_wall_2x2_corner_destruction	844611757
vfx_ashland_wall_2x2_destruction	348162801
vfx_ashlandsbow_blood_fire	1623932517
vfx_ashlandsbow_lightning_fire	-1897420253
vfx_ashlandsbow_nature_fire	-842783136
vfx_ashlandslogdestroyed	-1120224060
vfx_ashlandslogdestroyed_half	-1701898288
vfx_ashlandstreecut	-610781907
vfx_aspect_summoned_prespawn	-1369030163
vfx_auto_pickup	1066770835
vfx_bar_ancientmetal_stack_destroyed	-1896774405
vfx_bar_blackmetal_stack_destroyed	-1749300840
vfx_bar_bronze_stack_destroyed	-1706607262
vfx_bar_copper_stack_destroyed	120269255
vfx_bar_flametal_stack_destroyed	609142550
vfx_bar_gold_stack_destroyed	-796175772
vfx_bar_iron_stack_destroyed	-385576180
vfx_bar_silver_stack_destroyed	970873363
vfx_bar_tin_stack_destroyed	-1799042173
vfx_barley_destroyed	1316049866
vfx_barnacle_destroyed	1495888243
vfx_barnacle_hit	-365758259
vfx_barrle_destroyed	331770029
vfx_beech_cut	468348387
vfx_beech_small1_destroy	-127434936
vfx_beech_small2_destroy	510000429
vfx_beechlog_destroyed	-35451204
vfx_beechlog_half_destroyed	-317910816
vfx_beehive_destroyed	-470808985
vfx_beehive_hit	976946033
vfx_birch1_aut_cut	859572588
vfx_birch1_cut	-1147555287
vfx_birch2_aut_cut	-851096239
vfx_birch2_cut	1055017368
vfx_bjorn_groundslam	1961182073
vfx_blackice_destroyed	-1778483161
vfx_blastfurance_addfuel	1343538387
vfx_blastfurnace_addore	984877513
vfx_blastfurnace_produce	2028884154
vfx_blob_attack	18698171
vfx_blob_death	593299331
vfx_blob_frost_attack	-968627914
vfx_blob_frost_death	1568460864
vfx_blob_frost_hit	-1210029971
vfx_blob_hit	1665989430
vfx_blobelite_attack	1436176688
vfx_blobmork_attack	-1898261384
vfx_blobmork_death	-994544290
vfx_blobmork_hit	-497019679
vfx_blobtar_death	145857790
vfx_blobtar_hit	382852373
vfx_blocked	-886131209
vfx_boar_birth	1921065415
vfx_boar_death	-318107006
vfx_boar_hit	2086679503
vfx_boar_love	195340900
vfx_bone_stack_destroyed	2000079902
vfx_bonemawserpent_death	-1077036934
vfx_bonepile_destroyed	-1211919799
vfx_bones_pick	1565156094
vfx_bonfire_AddFuel	1894220146
vfx_bonfire_destroyed	-904512894
vfx_bow_fire	-2082004790
vfx_bowl_AddItem	-1645099656
vfx_bush2_e_hit	1106775641
vfx_bush2_en_destroyed	1659973233
vfx_bush_destroyed	608518267
vfx_bush_destroyed_heath	358887432
vfx_bush_leaf_puff	1138218448
vfx_bush_leaf_puff_heath	-2056072157
vfx_cartograpertable_write	-1811143589
vfx_catapult_legdown	-1938953220
vfx_catapult_load	-1799107644
vfx_catapult_release	891150159
vfx_charredbanner_destroyed	1752059616
vfx_charredcross_spawner_destroyed	-1199110663
vfx_cloth_hanging_destroyed	-395953198
vfx_clubhit	1224459144
vfx_coin_pile_destroyed	625439651
vfx_coin_stack_destroyed	1245329977
vfx_cooking_station_transform	-1234239539
vfx_corpse_destruction_large	1848449852
vfx_corpse_destruction_medium	510941886
vfx_corpse_destruction_small	1555670196
vfx_crate_destroyed	624138058
vfx_creature_soothed	-416794571
vfx_creep_hangingdetroyed	1741667805
vfx_crossbow_blood_fire	-258669603
vfx_crossbow_lightning_fire	-983176009
vfx_crossbow_nature_fire	389914880
vfx_crow_death	1768661069
vfx_crypt_skeleton_chest_destroyed	-230713
vfx_damaged_cart	-284562001
vfx_darkland_groundfog	-1896715824
vfx_deer_death	-1290868190
vfx_deer_hit	-1914944657
vfx_dragon_coldbreath	1034819573
vfx_dragon_death	1273669409
vfx_dragon_hurt	-708018736
vfx_dragon_ice_hit	1662860094
vfx_dragonegg_destroy	2102462628
vfx_draugr_death	-1805750341
vfx_draugr_hit	2105343528
vfx_draugrpile_destroyed	-786333438
vfx_draugrpile_hit	836768320
vfx_dvergpost_destroyed	1343642985
vfx_dvergr_beam_destroyed	1526019331
vfx_dvergr_curtain_banner_destroyed	-1714554851
vfx_dvergr_curtain_banner_destroyed_horisontal	-1998342887
vfx_dvergr_pole_destroyed	-434038054
vfx_dvergr_stake_destroyed	1383713634
vfx_dvergr_stakewall_destroyed	892716570
vfx_dvergr_wood_wall02_destroyed	574648488
vfx_dvergr_wood_wall03_destroyed	635991149
vfx_dvergr_wood_wall04_destroyed	172353202
vfx_dvergrchair_destroyed	1637567696
vfx_dvergrcreep_beam_destroyed	-757807274
vfx_dvergrcreep_pole_destroyed	1852603155
vfx_dvergrcreep_support_destroyed	-732360912
vfx_dvergrcreep_wood_wall02_destroyed	396597529
vfx_dvergrcreep_wood_wall03_destroyed	433641784
vfx_dvergrstool_destroyed	1265877422
vfx_dvergrtable_destroyed	-158022795
vfx_edge_clouds	-602293851
vfx_eikthyr_death	-87169824
vfx_fenring_cultist_death	-12616560
vfx_fenring_cultist_hildir_death	-1257969579
vfx_fenring_death	2101883415
vfx_fenring_hurt	-837531426
vfx_fenrirhide_hanging_destroyed	-540699250
vfx_fermenter_add	174557517
vfx_fermenter_tap	-228727875
vfx_fir_oldlog	550787196
vfx_firetree_regrow	1403184098
vfx_firetreecut	-1699433389
vfx_firetreecut_dead	-139036264
vfx_firetreecut_dead_abomination	-127726790
vfx_firetreecut_dead_snow	1251153098
vfx_firetreecut_snow	-515470295
vfx_firetreecut_snow_FrostTrollDeath	-443562369
vfx_firetreecut_snow_FrostTrollThrow	1908819145
vfx_firetreecut_snow_small	1635116045
vfx_firlogdestroyed	151805409
vfx_firlogdestroyed_half	1880682397
vfx_flintpile_destroyed	-67109918
vfx_foresttroll_hit	1497395801
vfx_frostarrow_hit	-225851562
vfx_frostcore_pick	452915428
vfx_frostfoundry_transform	829768037
vfx_frostkiln_addore	-861344835
vfx_frostkiln_produce	1172733454
vfx_frosttroll_hit	-327544276
vfx_frozengd_destroyed	1591732802
vfx_frozenking_blackice_destroyed	836410573
vfx_frozenking_death	-1766261847
vfx_frozenking_final_death	155714604
vfx_frozenking_final_death_ground	-537059058
vfx_gdking_stomp	-1006512207
vfx_ghost_death	-1040762809
vfx_ghost_hit	-565995904
vfx_ghost_spawn	-1128499770
vfx_gjall_spit	44635296
vfx_goblin_death	-1229125003
vfx_goblin_dn_death	309806594
vfx_goblin_dn_hit	690689017
vfx_goblin_hit	-1982327694
vfx_goblin_woodwall_destroyed	-2075528908
vfx_goblinbrute_death	-1461997707
vfx_goblinbrute_hildir_death	-107009288
vfx_goblinbrute_hit	939866254
vfx_goblinking_beam_OLD	580593833
vfx_grausten_stair_destroyed	1426172474
vfx_greydwarf_death	1697016051
vfx_greydwarf_elite_death	1673835157
vfx_greydwarf_hit	213347242
vfx_greydwarf_root_destroyed	1210601465
vfx_greydwarf_shaman_pray	-997579616
vfx_greydwarfnest_destroyed	1285232666
vfx_greydwarfnest_hit	1714298628
vfx_groundtorch_addFuel	234310646
vfx_hatchling_death	-665211050
vfx_hatchling_hurt	1791984981
vfx_hjall_spit_hit	232713811
vfx_ice_destroyed	-477844346
vfx_ice_destroyed_shelf	1893942415
vfx_ice_hit	905768520
vfx_iceblocker_destroyed	-1671524600
vfx_icecube_destroyed	-1809398735
vfx_kiln_addore	463220889
vfx_kiln_produce	-713949142
vfx_leech_death	1653866731
vfx_leech_hit	-1499057998
vfx_lever	393840463
vfx_lightningstaff_fire	958689740
vfx_lootspawn	-56897708
vfx_lox_groundslam	911060721
vfx_lox_love	169761379
vfx_lox_soothed	247941897
vfx_mill_add	1864219229
vfx_mill_produce	-873027154
vfx_mistlands_mist	1852800952
vfx_morgenhole_pile_destroyed	296085350
vfx_morkhalla_bench_destroyed	-1570813867
vfx_morkhalla_firepit_destroyed	336660240
vfx_morkhalla_gatedoor02_destroyed	-112189254
vfx_morkhalla_gatedoor03_destroyed	-1084358155
vfx_morkhalla_gatedoor_destroyed	-2066739996
vfx_morkhalla_stool_destroyed	-317957278
vfx_morkhalla_table_destroyed	-1742268119
vfx_morkhalla_trainingdummy1_destroyed	1595166198
vfx_morkhalla_trainingdummy2_destroyed	-1751464015
vfx_morkhalla_weaponstand_destroyed	1075281969
vfx_morkhalla_web_destroyed	-819990925
vfx_mountainkit_chair_destroyed	1273663262
vfx_mountainkit_table_destroyed	-1844426309
vfx_neck_death	939881635
vfx_neck_hit	461345558
vfx_oak_cut	-1049327509
vfx_oaklogdestroyed	810109753
vfx_oaklogdestroyed_half	-1918736987
vfx_obsidian_destroyed	-1189581058
vfx_ocean_clouds	267788734
vfx_odin_despawn	139151798
vfx_offering	2119690483
vfx_perfectblock	-1068553607
vfx_pick_wisp	-548233248
vfx_pickable_pick	30264026
vfx_pinelogdestroyed	1271903464
vfx_pinelogdestroyed_half	606433836
vfx_pinetree_regrow	-1912975828
vfx_pinetreecut	-1028062451
vfx_pinetreecut_dead	839475026
vfx_pinetreecut_snow	463040883
vfx_player_death	1600378975
vfx_player_hit	2114241932
vfx_poisonarrow_hit	-1642631106
vfx_prespawn	288873395
vfx_prespawn_fader	-101341012
vfx_seagull_death	1241359129
vfx_seal_hit	575116412
vfx_seekerbrute_groundslam	1951621125
vfx_serpent_attack_trigger	1487320808
vfx_serpent_death	-1248245181
vfx_serpent_hurt	1238827358
vfx_shieldgenerator_refuel	-529313399
vfx_shieldgenerator_startup	152397449
vfx_shrub_2_destroyed	-408284028
vfx_shrub_2_heath_destroyed	-1172819289
vfx_shrub_2_hit	-1619361458
vfx_shrub_heath_hit	-355458734
vfx_silvermace_hit	-1516628266
vfx_skeleton_big_death	1464964316
vfx_skeleton_death	1966038773
vfx_skeleton_fire_death	-197575760
vfx_skeleton_hit	1114691826
vfx_skeleton_mace_hit	-916784691
vfx_skullpile_destroyed	1925600612
vfx_sledge_hit	-849145139
vfx_sledge_iron_hit	1136200682
vfx_smelter_addfuel	613386663
vfx_smelter_addore	-236669799
vfx_smelter_produce	524856430
vfx_spawn	1617006654
vfx_spawn_large	-1665118250
vfx_spawn_small	1628388642
vfx_spikey_beam_destruction	-350854349
vfx_standing_brazier_destroyed	362897581
vfx_stone_floor_2x2_destroyed	-207598898
vfx_stone_floor_destroyed	744571047
vfx_stone_stair_destroyed	884180074
vfx_stone_wall_4x2_destroyed	487704284
vfx_stone_wall_ruin_2_destroyed	1152803659
vfx_stone_wall_ruin_destroyed	635149772
vfx_stonegolem_attack_hit	-497397627
vfx_stonegolem_death	649138327
vfx_stonegolem_hurt	-1321932824
vfx_stonegolem_wakeup	-619835584
vfx_stubbe	-1129264550
vfx_swamp_mist	1008438155
vfx_swamptree_cut	-907217478
vfx_torch_hit	998359095
vfx_tree_fall_hit	-1850635673
vfx_troll_attack_hit	-398437737
vfx_troll_death	1715200685
vfx_troll_groundslam	1279620163
vfx_troll_log_hitground	-795702158
vfx_troll_rock_destroyed	-1036826514
vfx_troll_summoned_death	1082301488
vfx_troll_summoned_prespawn	2099145546
vfx_trollsnow_attack_hit	1076628788
vfx_trollsnow_groundslam	1867717312
vfx_trollsnow_log_destroyed	1371105992
vfx_turnip_grow	229884025
vfx_ulv_death	1248443675
vfx_vines_destroyed	1253313884
vfx_wagon_destroyed	164468187
vfx_walltorch_addFuel	109708603
vfx_wolf_death	416803702
vfx_wolf_hit	-1748425933
vfx_wood_black_stack_destroyed	1814263877
vfx_wood_core_stack_destroyed	-1319659911
vfx_wood_fine_stack_destroyed	511674592
vfx_wood_frost_stack_destroyed	95564088
vfx_wood_stack_destroyed	-1403761043
vfx_wood_yggdrasil_stack_destroyed	123068292
vfx_wooden_path_destroyed	1061321397
vfx_wraith_death	-1525697551
vfx_wraith_hit	-1173641826
vfx_yggashoot_cut	235644861
vfx_yggashoot_small1_destroy	-1134401048
vines	-649881157
volture_strawpile	-892050217
volture_talons	1308133983
vx_ashland_pot1_green_destruction	1809742402
vx_ashland_pot1_red_destruction	-1021517482
vx_ashland_pot2_green_destruction	-1362507165
vx_ashland_pot2_red_destruction	357124755
vx_ashland_pot3_green_destruction	-1917548156
vx_ashland_pot3_red_destruction	1183666772
widestone	-2094909618
widestone_2	-1340069191
widestone_2_frac	-1721417340
widestone_frac	-1462463015
windmill	-984198658
wood_beam	-1109248277
wood_beam_1	-155126795
wood_beam_26	1332601932
wood_beam_45	1735886465
wood_beam_67	-1396281419
wood_core_stack	-1421478172
wood_door	692106840
wood_dragon1	775398114
wood_fence	-2081117101
wood_fence_gate	-1695673393
wood_fine_stack	719595997
wood_floor	-1045925142
wood_floor_1x1	-745132593
wood_frost_stack	-169814883
wood_gate	1007930775
wood_ledge	364666255
wood_log_26	581611607
wood_log_45	-224957444
wood_log_67	-1387756860
wood_pole	1142703842
wood_pole2	524618856
wood_pole_log	-1424233331
wood_pole_log_4	1024658248
wood_pole_log_4_worn	767866465
wood_roof	-1626585462
wood_roof_45	-877641284
wood_roof_67	-2040440700
wood_roof_icorner	-1076788695
wood_roof_icorner_45	1132532351
wood_roof_icorner_67	-1999635529
wood_roof_ocorner	-1076581777
wood_roof_ocorner_45	1139360637
wood_roof_ocorner_67	-1992807247
wood_roof_top	2141320638
wood_roof_top_45	-598122136
wood_roof_top_67	-1760921552
wood_stack	-2139848760
wood_stair	945264965
wood_stepladder	-354552934
wood_wall_half	-1000346356
wood_wall_log	-886156835
wood_wall_log_4x0.5	214591025
wood_wall_quarter	622849921
wood_wall_roof	1882996769
wood_wall_roof_45	-1218250357
wood_wall_roof_45_upsidedown	618430194
wood_wall_roof_67_a	972907565
wood_wall_roof_67_upsidedown	-1093325314
wood_wall_roof_a	423064375
wood_wall_roof_top	437925541
wood_wall_roof_top_45	-1199392921
wood_wall_roof_top_67	-36593505
wood_wall_roof_upsidedown	1974160938
wood_window	-1138351504
wood_yggdrasil_stack	1779884373
wooden_path	1064861474
woodiron_beam	-1499117535
woodiron_beam_26	-1403331882
woodiron_beam_45	-1000047361
woodiron_beam_67	162752055
woodiron_pole	-2023619468
woodwall	-523056075
wraith_melee	-1764301166
writhan_bite	-301745344
writhan_explosion	-1139584023
yggashoot_log	-1521034916
yggashoot_log_half	354363928
